[{"model": "contenttypes.contenttype", "pk": 1, "fields": {"app_label": "admin", "model": "logentry"}}, {"model": "contenttypes.contenttype", "pk": 2, "fields": {"app_label": "auth", "model": "permission"}}, {"model": "contenttypes.contenttype", "pk": 3, "fields": {"app_label": "auth", "model": "group"}}, {"model": "contenttypes.contenttype", "pk": 4, "fields": {"app_label": "auth", "model": "user"}}, {"model": "contenttypes.contenttype", "pk": 5, "fields": {"app_label": "contenttypes", "model": "contenttype"}}, {"model": "contenttypes.contenttype", "pk": 6, "fields": {"app_label": "sessions", "model": "session"}}, {"model": "contenttypes.contenttype", "pk": 7, "fields": {"app_label": "article", "model": "article"}}, {"model": "contenttypes.contenttype", "pk": 8, "fields": {"app_label": "blog", "model": "blog"}}, {"model": "contenttypes.contenttype", "pk": 9, "fields": {"app_label": "blog", "model": "blogtype"}}, {"model": "contenttypes.contenttype", "pk": 10, "fields": {"app_label": "blog", "model": "readnum"}}, {"model": "contenttypes.contenttype", "pk": 11, "fields": {"app_label": "read_statistics", "model": "readnum"}}, {"model": "contenttypes.contenttype", "pk": 12, "fields": {"app_label": "read_statistics", "model": "readdetail"}}, {"model": "contenttypes.contenttype", "pk": 13, "fields": {"app_label": "comment", "model": "comment"}}, {"model": "contenttypes.contenttype", "pk": 14, "fields": {"app_label": "likes", "model": "likerecord"}}, {"model": "contenttypes.contenttype", "pk": 15, "fields": {"app_label": "likes", "model": "likecount"}}, {"model": "sessions.session", "pk": "67qhn17trfex99ina3lufcdbcoz5wzd6", "fields": {"session_data": "MzY2MmUwYzMxNDU5MGMwM2JmYWE2YzhkZDRlZmUyOTNhMjg0YWJjNDp7Il9hdXRoX3VzZXJfaWQiOiIxIiwiX2F1dGhfdXNlcl9iYWNrZW5kIjoiZGphbmdvLmNvbnRyaWIuYXV0aC5iYWNrZW5kcy5Nb2RlbEJhY2tlbmQiLCJfYXV0aF91c2VyX2hhc2giOiI4NGM1YTAwYTc0ZmQyMzViZDMwMmIxYzdlYmJkMTVlNjI5ZDk0ZjcxIn0=", "expire_date": "2020-12-01T14:57:01.396Z"}}, {"model": "sessions.session", "pk": "gv81avdjies4kfnjsp003krc27qcn28k", "fields": {"session_data": "MzY2MmUwYzMxNDU5MGMwM2JmYWE2YzhkZDRlZmUyOTNhMjg0YWJjNDp7Il9hdXRoX3VzZXJfaWQiOiIxIiwiX2F1dGhfdXNlcl9iYWNrZW5kIjoiZGphbmdvLmNvbnRyaWIuYXV0aC5iYWNrZW5kcy5Nb2RlbEJhY2tlbmQiLCJfYXV0aF91c2VyX2hhc2giOiI4NGM1YTAwYTc0ZmQyMzViZDMwMmIxYzdlYmJkMTVlNjI5ZDk0ZjcxIn0=", "expire_date": "2020-11-14T08:36:16.629Z"}}, {"model": "sessions.session", "pk": "or20yfac2poljj4e8xib3edvnr4d4ltx", "fields": {"session_data": "MzY2MmUwYzMxNDU5MGMwM2JmYWE2YzhkZDRlZmUyOTNhMjg0YWJjNDp7Il9hdXRoX3VzZXJfaWQiOiIxIiwiX2F1dGhfdXNlcl9iYWNrZW5kIjoiZGphbmdvLmNvbnRyaWIuYXV0aC5iYWNrZW5kcy5Nb2RlbEJhY2tlbmQiLCJfYXV0aF91c2VyX2hhc2giOiI4NGM1YTAwYTc0ZmQyMzViZDMwMmIxYzdlYmJkMTVlNjI5ZDk0ZjcxIn0=", "expire_date": "2020-11-24T08:23:00.502Z"}}, {"model": "sessions.session", "pk": "rt3fm4z2f3i4j7zbqccmyk0k9zrun54g", "fields": {"session_data": "MzY2MmUwYzMxNDU5MGMwM2JmYWE2YzhkZDRlZmUyOTNhMjg0YWJjNDp7Il9hdXRoX3VzZXJfaWQiOiIxIiwiX2F1dGhfdXNlcl9iYWNrZW5kIjoiZGphbmdvLmNvbnRyaWIuYXV0aC5iYWNrZW5kcy5Nb2RlbEJhY2tlbmQiLCJfYXV0aF91c2VyX2hhc2giOiI4NGM1YTAwYTc0ZmQyMzViZDMwMmIxYzdlYmJkMTVlNjI5ZDk0ZjcxIn0=", "expire_date": "2020-11-14T15:32:13.423Z"}}, {"model": "blog.blogtype", "pk": 1, "fields": {"type_name": "Django"}}, {"model": "blog.blogtype", "pk": 4, "fields": {"type_name": "Dj\u8f66\u8f6e\u5b50"}}, {"model": "blog.blogtype", "pk": 5, "fields": {"type_name": "UI \u6d4b\u8bd5"}}, {"model": "blog.blogtype", "pk": 6, "fields": {"type_name": "API \u6d4b\u8bd5"}}, {"model": "read_statistics.readnum", "pk": 1, "fields": {"read_num": 12, "content_type": 8, "object_id": 140}}, {"model": "read_statistics.readnum", "pk": 2, "fields": {"read_num": 39, "content_type": 8, "object_id": 143}}, {"model": "read_statistics.readnum", "pk": 3, "fields": {"read_num": 12, "content_type": 8, "object_id": 141}}, {"model": "read_statistics.readnum", "pk": 4, "fields": {"read_num": 3, "content_type": 8, "object_id": 139}}, {"model": "read_statistics.readnum", "pk": 5, "fields": {"read_num": 2, "content_type": 8, "object_id": 46}}, {"model": "read_statistics.readnum", "pk": 6, "fields": {"read_num": 2, "content_type": 8, "object_id": 138}}, {"model": "read_statistics.readnum", "pk": 7, "fields": {"read_num": 1, "content_type": 8, "object_id": 137}}, {"model": "read_statistics.readnum", "pk": 8, "fields": {"read_num": 2, "content_type": 8, "object_id": 144}}, {"model": "read_statistics.readdetail", "pk": 1, "fields": {"date": "2020-11-07", "read_num": 11, "content_type": 8, "object_id": 140}}, {"model": "read_statistics.readdetail", "pk": 2, "fields": {"date": "2020-11-07", "read_num": 35, "content_type": 8, "object_id": 143}}, {"model": "read_statistics.readdetail", "pk": 3, "fields": {"date": "2020-11-07", "read_num": 2, "content_type": 8, "object_id": 139}}, {"model": "read_statistics.readdetail", "pk": 4, "fields": {"date": "2020-11-06", "read_num": 2, "content_type": 8, "object_id": 46}}, {"model": "read_statistics.readdetail", "pk": 6, "fields": {"date": "2020-11-07", "read_num": 1, "content_type": 8, "object_id": 46}}, {"model": "read_statistics.readdetail", "pk": 7, "fields": {"date": "2020-11-08", "read_num": 1, "content_type": 8, "object_id": 138}}, {"model": "read_statistics.readdetail", "pk": 8, "fields": {"date": "2020-11-09", "read_num": 1, "content_type": 8, "object_id": 143}}, {"model": "read_statistics.readdetail", "pk": 9, "fields": {"date": "2020-11-09", "read_num": 1, "content_type": 8, "object_id": 46}}, {"model": "read_statistics.readdetail", "pk": 10, "fields": {"date": "2020-11-09", "read_num": 1, "content_type": 8, "object_id": 137}}, {"model": "read_statistics.readdetail", "pk": 11, "fields": {"date": "2020-11-09", "read_num": 1, "content_type": 8, "object_id": 138}}, {"model": "read_statistics.readdetail", "pk": 12, "fields": {"date": "2020-11-09", "read_num": 1, "content_type": 8, "object_id": 139}}, {"model": "read_statistics.readdetail", "pk": 13, "fields": {"date": "2020-11-09", "read_num": 1, "content_type": 8, "object_id": 140}}, {"model": "read_statistics.readdetail", "pk": 15, "fields": {"date": "2020-11-09", "read_num": 2, "content_type": 8, "object_id": 144}}, {"model": "likes.likecount", "pk": 1, "fields": {"content_type": 8, "object_id": 144, "liked_num": 1}}, {"model": "likes.likecount", "pk": 2, "fields": {"content_type": 8, "object_id": 143, "liked_num": 1}}, {"model": "likes.likecount", "pk": 3, "fields": {"content_type": 8, "object_id": 140, "liked_num": 1}}, {"model": "likes.likecount", "pk": 4, "fields": {"content_type": 8, "object_id": 139, "liked_num": 1}}, {"model": "likes.likecount", "pk": 5, "fields": {"content_type": 8, "object_id": 138, "liked_num": 0}}, {"model": "likes.likecount", "pk": 6, "fields": {"content_type": 8, "object_id": 137, "liked_num": 0}}, {"model": "likes.likecount", "pk": 7, "fields": {"content_type": 8, "object_id": 46, "liked_num": 0}}, {"model": "likes.likecount", "pk": 8, "fields": {"content_type": 8, "object_id": 45, "liked_num": 0}}, {"model": "likes.likecount", "pk": 9, "fields": {"content_type": 8, "object_id": 9, "liked_num": 0}}, {"model": "likes.likecount", "pk": 10, "fields": {"content_type": 8, "object_id": 8, "liked_num": 0}}, {"model": "auth.permission", "pk": 1, "fields": {"name": "Can add log entry", "content_type": 1, "codename": "add_logentry"}}, {"model": "auth.permission", "pk": 2, "fields": {"name": "Can change log entry", "content_type": 1, "codename": "change_logentry"}}, {"model": "auth.permission", "pk": 3, "fields": {"name": "Can delete log entry", "content_type": 1, "codename": "delete_logentry"}}, {"model": "auth.permission", "pk": 4, "fields": {"name": "Can view log entry", "content_type": 1, "codename": "view_logentry"}}, {"model": "auth.permission", "pk": 5, "fields": {"name": "Can add permission", "content_type": 2, "codename": "add_permission"}}, {"model": "auth.permission", "pk": 6, "fields": {"name": "Can change permission", "content_type": 2, "codename": "change_permission"}}, {"model": "auth.permission", "pk": 7, "fields": {"name": "Can delete permission", "content_type": 2, "codename": "delete_permission"}}, {"model": "auth.permission", "pk": 8, "fields": {"name": "Can view permission", "content_type": 2, "codename": "view_permission"}}, {"model": "auth.permission", "pk": 9, "fields": {"name": "Can add group", "content_type": 3, "codename": "add_group"}}, {"model": "auth.permission", "pk": 10, "fields": {"name": "Can change group", "content_type": 3, "codename": "change_group"}}, {"model": "auth.permission", "pk": 11, "fields": {"name": "Can delete group", "content_type": 3, "codename": "delete_group"}}, {"model": "auth.permission", "pk": 12, "fields": {"name": "Can view group", "content_type": 3, "codename": "view_group"}}, {"model": "auth.permission", "pk": 13, "fields": {"name": "Can add user", "content_type": 4, "codename": "add_user"}}, {"model": "auth.permission", "pk": 14, "fields": {"name": "Can change user", "content_type": 4, "codename": "change_user"}}, {"model": "auth.permission", "pk": 15, "fields": {"name": "Can delete user", "content_type": 4, "codename": "delete_user"}}, {"model": "auth.permission", "pk": 16, "fields": {"name": "Can view user", "content_type": 4, "codename": "view_user"}}, {"model": "auth.permission", "pk": 17, "fields": {"name": "Can add content type", "content_type": 5, "codename": "add_contenttype"}}, {"model": "auth.permission", "pk": 18, "fields": {"name": "Can change content type", "content_type": 5, "codename": "change_contenttype"}}, {"model": "auth.permission", "pk": 19, "fields": {"name": "Can delete content type", "content_type": 5, "codename": "delete_contenttype"}}, {"model": "auth.permission", "pk": 20, "fields": {"name": "Can view content type", "content_type": 5, "codename": "view_contenttype"}}, {"model": "auth.permission", "pk": 21, "fields": {"name": "Can add session", "content_type": 6, "codename": "add_session"}}, {"model": "auth.permission", "pk": 22, "fields": {"name": "Can change session", "content_type": 6, "codename": "change_session"}}, {"model": "auth.permission", "pk": 23, "fields": {"name": "Can delete session", "content_type": 6, "codename": "delete_session"}}, {"model": "auth.permission", "pk": 24, "fields": {"name": "Can view session", "content_type": 6, "codename": "view_session"}}, {"model": "auth.permission", "pk": 25, "fields": {"name": "Can add article", "content_type": 7, "codename": "add_article"}}, {"model": "auth.permission", "pk": 26, "fields": {"name": "Can change article", "content_type": 7, "codename": "change_article"}}, {"model": "auth.permission", "pk": 27, "fields": {"name": "Can delete article", "content_type": 7, "codename": "delete_article"}}, {"model": "auth.permission", "pk": 28, "fields": {"name": "Can view article", "content_type": 7, "codename": "view_article"}}, {"model": "auth.permission", "pk": 29, "fields": {"name": "Can add blog", "content_type": 8, "codename": "add_blog"}}, {"model": "auth.permission", "pk": 30, "fields": {"name": "Can change blog", "content_type": 8, "codename": "change_blog"}}, {"model": "auth.permission", "pk": 31, "fields": {"name": "Can delete blog", "content_type": 8, "codename": "delete_blog"}}, {"model": "auth.permission", "pk": 32, "fields": {"name": "Can view blog", "content_type": 8, "codename": "view_blog"}}, {"model": "auth.permission", "pk": 33, "fields": {"name": "Can add blog type", "content_type": 9, "codename": "add_blogtype"}}, {"model": "auth.permission", "pk": 34, "fields": {"name": "Can change blog type", "content_type": 9, "codename": "change_blogtype"}}, {"model": "auth.permission", "pk": 35, "fields": {"name": "Can delete blog type", "content_type": 9, "codename": "delete_blogtype"}}, {"model": "auth.permission", "pk": 36, "fields": {"name": "Can view blog type", "content_type": 9, "codename": "view_blogtype"}}, {"model": "auth.permission", "pk": 37, "fields": {"name": "Can add read num", "content_type": 10, "codename": "add_readnum"}}, {"model": "auth.permission", "pk": 38, "fields": {"name": "Can change read num", "content_type": 10, "codename": "change_readnum"}}, {"model": "auth.permission", "pk": 39, "fields": {"name": "Can delete read num", "content_type": 10, "codename": "delete_readnum"}}, {"model": "auth.permission", "pk": 40, "fields": {"name": "Can view read num", "content_type": 10, "codename": "view_readnum"}}, {"model": "auth.permission", "pk": 41, "fields": {"name": "Can add read num", "content_type": 11, "codename": "add_readnum"}}, {"model": "auth.permission", "pk": 42, "fields": {"name": "Can change read num", "content_type": 11, "codename": "change_readnum"}}, {"model": "auth.permission", "pk": 43, "fields": {"name": "Can delete read num", "content_type": 11, "codename": "delete_readnum"}}, {"model": "auth.permission", "pk": 44, "fields": {"name": "Can view read num", "content_type": 11, "codename": "view_readnum"}}, {"model": "auth.permission", "pk": 45, "fields": {"name": "Can add read detail", "content_type": 12, "codename": "add_readdetail"}}, {"model": "auth.permission", "pk": 46, "fields": {"name": "Can change read detail", "content_type": 12, "codename": "change_readdetail"}}, {"model": "auth.permission", "pk": 47, "fields": {"name": "Can delete read detail", "content_type": 12, "codename": "delete_readdetail"}}, {"model": "auth.permission", "pk": 48, "fields": {"name": "Can view read detail", "content_type": 12, "codename": "view_readdetail"}}, {"model": "auth.permission", "pk": 49, "fields": {"name": "Can add comment", "content_type": 13, "codename": "add_comment"}}, {"model": "auth.permission", "pk": 50, "fields": {"name": "Can change comment", "content_type": 13, "codename": "change_comment"}}, {"model": "auth.permission", "pk": 51, "fields": {"name": "Can delete comment", "content_type": 13, "codename": "delete_comment"}}, {"model": "auth.permission", "pk": 52, "fields": {"name": "Can view comment", "content_type": 13, "codename": "view_comment"}}, {"model": "auth.permission", "pk": 53, "fields": {"name": "Can add like record", "content_type": 14, "codename": "add_likerecord"}}, {"model": "auth.permission", "pk": 54, "fields": {"name": "Can change like record", "content_type": 14, "codename": "change_likerecord"}}, {"model": "auth.permission", "pk": 55, "fields": {"name": "Can delete like record", "content_type": 14, "codename": "delete_likerecord"}}, {"model": "auth.permission", "pk": 56, "fields": {"name": "Can view like record", "content_type": 14, "codename": "view_likerecord"}}, {"model": "auth.permission", "pk": 57, "fields": {"name": "Can add like count", "content_type": 15, "codename": "add_likecount"}}, {"model": "auth.permission", "pk": 58, "fields": {"name": "Can change like count", "content_type": 15, "codename": "change_likecount"}}, {"model": "auth.permission", "pk": 59, "fields": {"name": "Can delete like count", "content_type": 15, "codename": "delete_likecount"}}, {"model": "auth.permission", "pk": 60, "fields": {"name": "Can view like count", "content_type": 15, "codename": "view_likecount"}}, {"model": "auth.user", "pk": 1, "fields": {"password": "pbkdf2_sha256$150000$PokjvA0sqClT$A491S19Ayxfvmmhxowj/WA5XdvjlZwRYN/1s0axY3jc=", "last_login": "2020-11-17T14:57:01.392Z", "is_superuser": true, "username": "wurun", "first_name": "", "last_name": "", "email": "", "is_staff": true, "is_active": true, "date_joined": "2020-10-31T08:35:42.937Z", "groups": [], "user_permissions": []}}, {"model": "article.article", "pk": 1, "fields": {"title": "one", "content": "123", "created_time": "2020-11-01T04:59:41.520Z", "last_updated_time": "2020-11-01T04:59:41.526Z", "author": 1, "is_deleted": false, "readed_num": 0}}, {"model": "article.article", "pk": 2, "fields": {"title": "121212", "content": "1212121", "created_time": "2020-11-01T04:59:41.520Z", "last_updated_time": "2020-11-01T05:25:32.052Z", "author": 1, "is_deleted": true, "readed_num": 0}}, {"model": "article.article", "pk": 3, "fields": {"title": "\u5434\u6da6\u54c8\u554a\u54c8\u54c8", "content": "\u4f60\u597d\u8f9b\u82e6121", "created_time": "2020-11-01T04:59:41.520Z", "last_updated_time": "2020-11-01T05:02:13.222Z", "author": 1, "is_deleted": false, "readed_num": 0}}, {"model": "blog.blog", "pk": 8, "fields": {"title": "12", "blog_type": 1, "content": "\u8bf7\u95ee\u8bf7\u95ee", "author": 1, "created_time": "2020-11-01T09:11:56.350Z", "last_updated_time": "2020-11-01T09:11:56.350Z"}}, {"model": "blog.blog", "pk": 9, "fields": {"title": "\u6211\u597d\u7d2f", "blog_type": 1, "content": "1212", "author": 1, "created_time": "2020-11-01T09:12:06.217Z", "last_updated_time": "2020-11-01T09:12:06.217Z"}}, {"model": "blog.blog", "pk": 45, "fields": {"title": "\u5faa\u73af\u4e0b\u9762\u7b2c6\u7bc7", "blog_type": 1, "content": "\u4eca\u5929\u771f\u662f\u5f00\u5fc3\u7684\u4e00\u5929", "author": 1, "created_time": "2020-11-02T13:35:19.548Z", "last_updated_time": "2020-11-02T13:35:19.548Z"}}, {"model": "blog.blog", "pk": 46, "fields": {"title": "\u5faa\u73af\u4e0b\u9762\u7b2c7\u7bc7", "blog_type": 1, "content": "\u4eca\u5929\u771f\u662f\u5f00\u5fc3\u7684\u4e00\u5929", "author": 1, "created_time": "2020-11-02T13:35:19.551Z", "last_updated_time": "2020-11-02T13:35:19.551Z"}}, {"model": "blog.blog", "pk": 137, "fields": {"title": "2020-11-03 13:53:10\u7b2c101\u7bc7", "blog_type": 1, "content": "q~5SItZ_kA$pT/UQu.1`e\\&}n-\"43WK(JVMaBv)Ew2cz!7?YOhrlH#^DgLo+,FR;xP]8C6", "author": 1, "created_time": "2020-11-03T05:53:10.974Z", "last_updated_time": "2020-11-03T05:53:10.974Z"}}, {"model": "blog.blog", "pk": 138, "fields": {"title": "2020-11-03 13:53:10\u7b2c102\u7bc7", "blog_type": 1, "content": ";R)%|$ks<v9'uTFfV\"hY^lbS+BAGP#Dm,:eUo_wHgML2/c78~0da6!C*I}>&iK]{?Xz45`", "author": 1, "created_time": "2020-11-03T05:53:10.988Z", "last_updated_time": "2020-11-03T05:53:10.988Z"}}, {"model": "blog.blog", "pk": 139, "fields": {"title": "Djngo\u5b9e\u73b0Markdown", "blog_type": 4, "content": "1\u3001\u3010https://blog.csdn.net/wjh0823/article/details/83747185\u3011                                               \r\n\r\n2\u3001\u3010https://blog.csdn.net/fanxindong0620/article/details/103413975?utm_medium=distribute.pc_relevant.none-task-blog-BlogCommendFromMachineLearnPai2-4.pc_relevant_is_cache&depth_1-utm_source=distribute.pc_relevant.none-task-blog-BlogCommendFromMachineLearnPai2-4.pc_relevant_is_cache\u3011                                                                         \r\n                                                                                                                                                                                            \r\n3\u3001\u3010https://blog.csdn.net/xujin0/article/details/91618433?utm_medium=distribute.pc_relevant.none-task-blog-title-3&spm=1001.2101.3001.4242\u3011", "author": 1, "created_time": "2020-11-05T09:11:48.146Z", "last_updated_time": "2020-11-05T16:31:01.192Z"}}, {"model": "blog.blog", "pk": 140, "fields": {"title": "\u6d4b\u8bd5\u6d4b\u8bd5", "blog_type": 1, "content": "<b>\u8fd9\u662f\u4e00\u4e2a\u6d4b\u8bd5\u6587\u672c</b>\r\n<br>\r\nhahahahahahahahahahaah", "author": 1, "created_time": "2020-11-05T14:25:33.999Z", "last_updated_time": "2020-11-06T09:12:30.123Z"}}, {"model": "blog.blog", "pk": 143, "fields": {"title": "E2E--Cypress", "blog_type": 5, "content": "<h1><span style=\"color:#000000\"><strong><em>## \u524d\u7aef\u81ea\u52a8\u5316\u6d4b\u8bd5\u6846\u67b6----Cypress</em></strong></span></h1>\r\n\r\n<h3><samp>1\u3001\u524d\u7aef\u6982\u8ff0</samp></h3>\r\n\r\n<div style=\"background:#eeeeee; border:1px solid #cccccc; padding:5px 10px\">&nbsp; &nbsp;<q><samp> \u524d\u7aef\uff08Front End\uff09\uff0c\u662f\u76f8\u5bf9\u4e8e\u540e\u7aef\uff08Back End/Server\u7aef\uff09\u6765\u8bf4\u7684\uff0c\u5373\u5e94\u7528\u7a0b\u5e8f\u7684\u524d\u53f0\u90e8\u5206\uff0c\u4e5f\u5c31\u662f\u901a\u5e38\u610f\u4e49\u4e0a\u7684\u7528\u6237\u53ef\u89c1\u90e8\u5206\u3002\u6839\u636e\u5e94\u7528\u7a0b\u5e8f\u7684\u4e0d\u540c\uff0c\u524d\u7aef\u4e5f\u5206\u4e3a\u6d4f\u89c8\u5668\u9875\u9762\uff08\u5305\u62ecH5\uff09\uff0c\u624b\u673a\u5ba2\u6237\u7aef\uff0c\u6216\u8005C/S Client/Server\u7a0b\u5e8f\uff0c\u5d4c\u5165\u5f0f\u7a0b\u5e8f\u7684\u7528\u6237\u64cd\u4f5c\u754c\u9762\u3002&nbsp;<br />\r\n&nbsp; \u524d\u7aef\u81ea\u52a8\u5316\u6d4b\u8bd5\u662f\u9488\u5bf9\u524d\u7aef\u4ee3\u7801\u7684\u6d4b\u8bd5\uff08\u76ee\u524d\u6700\u6d41\u884c\u7684\u524d\u7aef\u8bed\u8a00\u662fJavaScript\uff09\u3002</samp></q></div>\r\n\r\n<h3><samp>1.1\u3001\u524d\u7aef\u81ea\u52a8\u5316\u6d4b\u8bd5\u5de5\u51771--</samp><strong><span style=\"color:#e74c3c\">Selenium/WebDriver</span></strong></h3>\r\n\r\n<div style=\"background:#eeeeee; border:1px solid #cccccc; padding:5px 10px\"><samp>&bull; Selenium WebDriver\uff0c\u5b83\u8fd0\u884c\u5728\u6d4f\u89c8\u5668\u4e2d\uff0c\u901a\u8fc7\u8c03\u7528\u6d4f\u89c8\u5668\u539f\u751fAPI\u6765\u5b9e\u73b0\u5bf9\u6d4f\u89c8\u5668\u7684\u63a7\u5236\u3002\u56e0\u4e3a\u8c03\u7528\u7684\u662f\u6d4f\u89c8\u5668\u7684\u539f\u751fAPI\uff0c\u6240\u4ee5\u5bf9\u4e8e\u540c\u6837\u7684\u5143\u7d20\u64cd\u4f5c\uff0cSelenium\u9700\u8981\u9488\u5bf9\u4e0d\u540c\u7684\u6d4f\u89c8\u5668\u63d0\u4f9b\u76f8\u5e94\u7684WebDriver\u3002</samp><br />\r\n<img src=\"/media/upload/2020/11/06/image_O878HGV.png\" style=\"height:254px; width:484px\" /><br />\r\n<samp>&bull; Selenium\u6839\u636eWebDriver\u9a71\u52a8\u6d4f\u89c8\u5668\uff0c\u901a\u8fc7HTTP\u4f20\u8f93JSON Wire\u534f\u8bae\uff0c\u6b64\u534f\u8bae\u5b9a\u4e49\u4e86\u7528\u6237\u5728\u81ea\u52a8\u5316\u811a\u672c\u91cc\u7684\u64cd\u4f5c\uff08\u5982\u5355\u51fb\u6216\u952e\u5165\uff09\u8be5\u5982\u4f55\u6620\u5c04\u5230selenium\u6216HTTP\u8bf7\u6c42\u548c\u54cd\u5e94\u4e2d\u3002</samp></div>\r\n\r\n<div style=\"background:#eeeeee; border:1px solid #cccccc; padding:5px 10px\"><strong>&bull;&nbsp;\u8fd0\u884c\u8fc7\u7a0b</strong>\uff1a<br />\r\n<samp>1\u3001Selenium\u7684Language Bindings\u5c06\u4e0eSelenium API\u3010\u57fa\u4e8e\u6d4f\u89c8\u5668\u539f\u751fAPI\u5c01\u88c5\u5f97\u66f4\u52a0\u9762\u5411\u5bf9\u8c61\u7684Selenium WebDriver API\uff0c\u53ef\u4ee5\u76f4\u63a5\u64cd\u4f5c\u6d4f\u89c8\u5668\u9875\u9762\u91cc\u7684\u5143\u7d20\u3011\u8fdb\u884c\u901a\u4fe1\u3002</samp>&nbsp;<br />\r\n<samp>2\u3001Selenium API\u901a\u8fc7JSON Wire\u534f\u8bae\u628a\u811a\u672c\u4ee3\u7801\u4ea4\u7531Language Bindings\u8f6c\u6362\u6210\u4e00\u4e2aJSON Payloads\u53d1\u9001\u5230\u6d4f\u89c8\u5668\u9a71\u52a8\u7a0b\u5e8f\uff08Firefox\u9a71\u52a8\u7a0b\u5e8f\u3001IE\u9a71\u52a8\u7a0b\u5e8f\u6216\u8005Chrome\u9a71\u52a8\u7a0b\u5e8f\uff09</samp><br />\r\n<samp>3\u3001\u6d4f\u89c8\u5668\u9a71\u52a8\u7a0b\u5e8f\u6709\u4e00\u4e2a\u5185\u7f6e\u7684HTTP Server\u6765\u63a5\u6536HTTP\u8bf7\u6c42\u3002\u5f53\u8fd9\u4e9bJSON Payloads\u88ab\u6d4f\u89c8\u5668\u9a71\u52a8\u7a0b\u5e8f\u5185\u7f6e\u7684HTTP Server\u83b7\u53d6\u540e\uff0c\u4f1a\u88ab\u6d4f\u89c8\u5668\u9a71\u52a8\u7a0b\u5e8f\u8f6c\u6362\u6210HTTP\u8bf7\u6c42\uff0c\u901a\u8fc7HTTP\u534f\u8bae\u53d1\u9001\u7ed9\u771f\u6b63\u7684\u6d4f\u89c8\u5668\u3002<br />\r\n4\u3001Selenium\u811a\u672c\u4e2d\u7684\u547d\u4ee4\u5c06\u5728\u6d4f\u89c8\u5668\u4e0a\u6267\u884c\uff0c\u518d\u5c06\u6267\u884c\u7ed3\u679c\u901a\u8fc7HTTP\u8bf7\u6c42\u53d1\u8fd8\u7ed9\u4f60\u7684\u6d4f\u89c8\u5668\u9a71\u52a8\u7a0b\u5e8f\u3002<br />\r\n5\u3001\u6d4f\u89c8\u5668\u9a71\u52a8\u7a0b\u5e8f\u4f1a\u901a\u8fc7JSON Wire\u534f\u8bae\u628a\u7ed3\u679c\u8fd4\u56de\u7ed9\u4f60\u7684IDE\u8fdb\u884c\u5c55\u793a</samp></div>\r\n\r\n<div style=\"background:#eeeeee; border:1px solid #cccccc; padding:5px 10px\"><strong>&bull; Selenium\u8fd0\u884c\u6162\u7684\u539f\u56e0</strong>\uff1a<br />\r\n<samp>&nbsp; Selenium/ WebDriver\u7684\u6d4f\u89c8\u5668\u9a71\u52a8\u7a0b\u5e8f\u548c\u771f\u6b63\u8fd0\u884c\u6d4b\u8bd5\u7684\u6d4f\u89c8\u5668\u4e4b\u95f4\u662f\u901a\u8fc7HTTP\u534f\u8bae\u4ea4\u6362JSON Wire\u534f\u8bae\u751f\u6210\u7684JSON PayLoads\u8fdb\u884c\u901a\u4fe1\u7684\u3002\u8fd9\u5c31\u610f\u5473\u7740\u4f60\u7684\u6bcf\u4e00\u884c\u4ee3\u7801/\u547d\u4ee4\uff0c\u6700\u7ec8\u90fd\u4f1a\u8f6c\u5316\u6210JSON Payloads\u4ea4\u7531Selenium/WebDriver API\u901a\u8fc7\u7f51\u7edc\u8fdb\u884c\u4f20\u8f93\uff0c\u5373\u4f7f\u4f60\u7684\u4ee3\u7801/\u547d\u4ee4\u5728\u672c\u5730\u6267\u884c\uff0cWebDriver\u548c\u6d4f\u89c8\u5668\u7684\u901a\u4fe1\u4e5f\u8981\u901a\u8fc7\u7f51\u7edc\u4f20\u8f93\u3002</samp></div>\r\n\r\n<h3><samp>1.1\u3001\u524d\u7aef\u81ea\u52a8\u5316\u6d4b\u8bd5\u5de5\u51772--</samp><strong><span style=\"color:#e74c3c\">Cypress</span></strong></h3>\r\n\r\n<div style=\"background:#eeeeee; border:1px solid #cccccc; padding:5px 10px\"><strong>1.Cypress\u8fd0\u884c\u539f\u7406\uff1a</strong><br />\r\n&nbsp; &nbsp; <samp>\u5728\u6bcf\u6b21\u6d4b\u8bd5\u9996\u6b21\u52a0\u8f7dCypress\u65f6\uff0c\u5185\u90e8Cypress Web\u5e94\u7528\u7a0b\u5e8f\u5148\u628a\u81ea\u5df1\u6258\u7ba1\u5728\u672c\u5730\u7684\u4e00\u4e2a\u968f\u673a\u7aef\u53e3\u4e0a\uff08\u7c7b\u4f3c\u4e8ehttp://localhost:65874/__/\uff09\uff0c\u5728\u8bc6\u522b\u51fa\u6d4b\u8bd5\u4e2d\u53d1\u51fa\u7684\u7b2c\u4e00\u4e2acy.visit( )\u547d\u4ee4\u540e\uff0cCypress\u5c06\u4f1a\u66f4\u6539\u5176\u672c\u5730URL\u4ee5\u5339\u914d\u4f60\u8fdc\u7a0b\u5e94\u7528\u7a0b\u5e8f\u7684Origin\uff08\u7528\u4e8e\u6ee1\u8db3\u540c\u6e90\u7b56\u7565\uff09\uff0c\u8fd9\u4f7f\u5f97\u4f60\u7684\u6d4b\u8bd5\u4ee3\u7801\u548c\u5e94\u7528\u7a0b\u5e8f\u53ef\u4ee5\u5728\u540c\u4e00\u4e2aRun Loop\u4e2d\u8fd0\u884c\u3002</samp></div>\r\n\r\n<div style=\"background:#eeeeee; border:1px solid #cccccc; padding:5px 10px\"><strong>2.Cypress\u67b6\u6784\u56fe\uff1a</strong><br />\r\n<img src=\"/media/upload/2020/11/06/image.png\" style=\"height:257px; width:492px\" /></div>\r\n\r\n<div style=\"background:#eeeeee; border:1px solid #cccccc; padding:5px 10px\"><strong>3.Cypress\u516b\u5927\u7279\u6027\uff1a</strong><br />\r\n<samp><strong>&bull; \u65f6\u95f4\u7a7f\u68ad&nbsp;</strong>\u3010\u5c06\u9f20\u6807\u60ac\u505c\u5728\u547d\u4ee4\u65e5\u5fd7\u4e2d\u7684\u547d\u4ee4\u4e0a\u7684\u65b9\u5f0f\uff0c\u67e5\u770b\u8fd0\u884c\u65f6\u6bcf\u4e00\u6b65\u90fd\u53d1\u751f\u4e86\u4ec0\u4e48\u3011<br />\r\n<strong>&bull; \u5b9e\u65f6\u91cd\u65b0\u52a0\u8f7d&nbsp;</strong>\u3010\u5f53\u6d4b\u8bd5\u4ee3\u7801\u4fee\u6539\u540e\uff0cCypress\u4f1a\u81ea\u52a8\u52a0\u8f7d\u4f60\u7684\u6539\u52a8\u5e76\u91cd\u65b0\u8fd0\u884c\u6d4b\u8bd5\u3011<br />\r\n<strong>&bull; \u95f4\u8c0d\uff08Spies\uff09\u3001\u5b58\u6839\uff08Stubs\uff09\u548c\u65f6\u949f\uff08Clock\uff09</strong>\u3010Cypress\u5141\u8bb8\u4f60\u9a8c\u8bc1\u5e76\u63a7\u5236\u51fd\u6570\u884c\u4e3a\uff0cMock\u670d\u52a1\u5668\u54cd\u5e94\u6216\u66f4\u6539\u7cfb\u7edf\u65f6\u95f4\u3002\u3011<br />\r\n<strong>&bull; \u8fd0\u884c\u7ed3\u679c\u4e00\u81f4\u6027</strong><br />\r\n<strong>&bull; \u53ef\u8c03\u8bd5\u6027</strong><br />\r\n<strong>&bull; \u81ea\u52a8\u7b49\u5f85&nbsp;</strong>\u3010\u6c38\u8fdc\u65e0\u987b\u5728\u6d4b\u8bd5\u4e2d\u6dfb\u52a0wait\u6216sleep\u3002Cypress\u4f1a\u81ea\u52a8\u7b49\u5f85\u5143\u7d20\u81f3\u53ef\u64cd\u4f5c\u72b6\u6001\u65f6\u624d\u6267\u884c\u547d\u4ee4\u6216\u65ad\u8a00\u3011<br />\r\n<strong>&bull; \u7f51\u7edc\u6d41\u91cf\u63a7\u5236</strong><br />\r\n<strong>&bull; \u622a\u56fe\u548c\u89c6\u9891&nbsp;</strong>\u3010Cypress\u5728\u6d4b\u8bd5\u8fd0\u884c\u5931\u8d25\u65f6\u81ea\u52a8\u622a\u56fe\uff0c\u5728\u65e0\u5934\u8fd0\u884c\u65f6\u5f55\u5236\u6574\u4e2a\u6d4b\u8bd5\u5957\u4ef6\u7684\u89c6\u9891\u3011</samp></div>\r\n\r\n<h3><samp>1.2\u3001\u524d\u7aef\u81ea\u52a8\u5316\u6d4b\u8bd5\u6846\u67b6\u8bbe\u8ba1\u539f\u5219</samp></h3>\r\n\r\n<div style=\"background:#eeeeee; border:1px solid #cccccc; padding:5px 10px\"><big><small><samp>\u8bbe\u8ba1\u6d4b\u8bd5\u6846\u67b6\u65f6\u5e94\u9075\u5faa\u5982\u4e0b\u539f\u5219\uff1a<br />\r\n&bull; \u4ee3\u7801\u548c\u6570\u636e\u5206\u79bb<br />\r\n&bull; \u5265\u79bb\u53ef\u5171\u7528\u7684\u5e93<br />\r\n&bull; \u53ef\u79fb\u690d\u6027\uff0c\u53ef\u7ef4\u62a4\u6027<br />\r\n&bull; \u9ad8\u6269\u5c55\u6027\uff0c\u9ad8\u7a33\u5b9a\u6027<br />\r\n&bull; \u7248\u672c\u63a7\u5236</samp></small></big></div>\r\n\r\n<h3><samp>2\u3001Cypress\u5b89\u88c5</samp></h3>\r\n\r\n<div style=\"background:#eeeeee; border:1px solid #cccccc; padding:5px 10px\"><samp><span style=\"color:#e74c3c\"><strong>&bull; \u65b9\u5f0f\u4e00\uff0cnpm\u65b9\u5f0f\u5b89\u88c5/\u542f\u52a8</strong></span><br />\r\n<strong>1.\u5b89\u88c5node.js</strong></samp><br />\r\n<samp>\u5728Node.js\u5b98\u65b9\u7f51\u7ad9https://nodejs.org/en/\u76f4\u63a5\u4e0b\u8f7dNode.js\u5e76\u53cc\u51fb\u5b89\u88c5</samp></div>\r\n\r\n<div style=\"background:#eeeeee; border:1px solid #cccccc; padding:5px 10px\"><samp><strong>2.\u8bbe\u7f6enode\u73af\u5883\u53d8\u91cf</strong></samp><br />\r\n<samp>\u7531\u4e8enpm\u5df2\u7ecf\u96c6\u6210\u5728\u65b0\u7248\u7684Node.js\u4e2d\uff0c\u6240\u4ee5\u5728Node.js\u5b89\u88c5\u6210\u529f\u540e\uff0c\u5148\u628anode.exe\u6240\u5728\u7684\u76ee\u5f55\u52a0\u5165PATH\u73af\u5883\u53d8\u91cf\u4e2d\uff0c\u800c\u540e\u547d\u4ee4\u884c\u8f93\u5165\u5982\u56fe\u9a8c\u8bc1\u662f\u5426\u5b89\u88c5\u6210\u529f\u3002</samp><br />\r\n<img src=\"/media/upload/2020/11/06/image_ObMJ9cH.png\" style=\"height:130px; width:301px\" /></div>\r\n\r\n<div style=\"background:#eeeeee; border:1px solid #cccccc; padding:5px 10px\"><strong><samp>3.#\u547d\u4ee4\u884c\u65b9\u5f0f\u4e0b\u8fdb\u5165\u8981\u5b89\u88c5Cypress\u7684\u6587\u4ef6\u5939\u4e0b\uff0c\u6267\u884c\u5982\u56fe\uff0c\u751f\u6210package.json\u6587\u4ef6</samp></strong><br />\r\n<img src=\"/media/upload/2020/11/06/image_Csg0iw8.png\" style=\"height:734px; width:696px\" /><br />\r\n<samp>package.json\u901a\u5e38\u5b58\u5728\u4e8e\u9879\u76ee\u7684\u6839\u76ee\u5f55\u4e0b\uff0c\u5b83\u5b9a\u4e49\u4e86\u8fd9\u4e2a\u9879\u76ee\u6240\u9700\u8981\u7684\u5404\u79cd\u6a21\u5757\u53ca\u9879\u76ee\u7684\u5404\u9879\u914d\u7f6e\u4fe1\u606f\uff08\u6bd4\u5982\u540d\u79f0\u3001\u7248\u672c\u3001\u4f9d\u8d56\uff0c\u811a\u672c\u7b49\uff09\u3002</samp></div>\r\n\r\n<div style=\"background:#eeeeee; border:1px solid #cccccc; padding:5px 10px\"><strong><samp>4.\u4f7f\u7528npm install cypress --save-dev\u547d\u4ee4\u5b89\u88c5</samp>Cypress</strong><br />\r\n<img src=\"/media/upload/2020/11/06/image_S9FQz2B.png\" style=\"height:529px; width:691px\" /></div>\r\n\r\n<div style=\"background:#eeeeee; border:1px solid #cccccc; padding:5px 10px\">5.\u606d\u559c\u4f60\u770b\u5230\u6587\u7ae0\u7684\u8fd9\u91cc\uff0c\u63a5\u4e0b\u6765\u6211\u4eec\u5c31\u8981\u542f\u52a8\u9879\u76ee\u4e86\uff0c\u9996\u5148\u6211\u4eec\u5148\u95ed\u773c\uff0c\u53cc\u624b\u5408\u5341\u7948\u79773s\uff0c\u7136\u540e\u4f7f\u7528<strong>node_modules\\.bin\\cypress&nbsp;open </strong>\u542f\u52a8\u9879\u76ee<br />\r\n<img src=\"/media/upload/2020/11/06/image_I1gsKEd.png\" style=\"height:209px; width:687px\" /><br />\r\n<samp>\u7126\u6025\u7684\u7b49\u5f85\u51e0\u79d2\u540e\uff0c\u4f60\u4f1a\u53d1\u73b0\u6211\u9760\uff0c\u542f\u52a8\u7684cy\u63d0\u793a\u62a5\u9519\u4e86\uff0c\u8fd9\u65f6\u4e0d\u8981\u614c\u5f20\uff0c\u8eab\u4e3a\u4e00\u540d\u6d4b\u8bd5\u5de5\u7a0b\u5e08\uff0c\u51b7\u9759\u7684\u5934\u8111\uff0c\u6c89\u7a33\u7684\u6027\u5b50\u662f\u6210\u529f\u7684\u5173\u952e\uff0c\u8fd9\u65f6\u5019\u6211\u4eec\u53ea\u8981\u6253\u5f00\u521d\u59cb\u5316\u751f\u6210\u7684<strong><span style=\"color:#e74c3c\">package.json\u6587\u4ef6\uff0cscripts\u5b57\u6bb5\u4e2d\u589e\u52a0&quot;cypress:open&quot;: &quot;cypress open&quot;,</span></strong></samp><br />\r\n<img src=\"/media/upload/2020/11/06/image_UUmRQC8.png\" style=\"height:257px; width:665px\" /><br />\r\n<samp>\u4fdd\u5b58\u6587\u4ef6\u8f93\u5165<span style=\"color:#e74c3c\"><strong> npm run cypress:open</strong></span> \u518d\u6b21\u542f\u52a8cy GUI</samp><br />\r\n<img src=\"/media/upload/2020/11/06/image_YU7ttX4.png\" style=\"height:184px; width:493px\" /><br />\r\n<samp>\u518d\u6b21\u7126\u6025\u7684\u7b49\u5f85\u51e0\u79d2\u540e\uff0c\u6210\u529f\u542f\u52a8\uff0c\u70b9\u51fbOK, got&nbsp;it\u8fdb\u5165cypress\u7684\u4e16\u754c\u5427~~~~~~<img alt=\"wink\" src=\"http://localhost:8000/static/ckeditor/ckeditor/plugins/smiley/images/wink_smile.png\" style=\"height:23px; width:23px\" title=\"wink\" /><br />\r\nkkkk\uff0c\u6587\u7ae0\u672b\u6709\u5f69\u86cb\u3002<img alt=\"laugh\" src=\"http://localhost:8000/static/ckeditor/ckeditor/plugins/smiley/images/teeth_smile.png\" style=\"height:23px; width:23px\" title=\"laugh\" /></samp><br />\r\n<img src=\"/media/upload/2020/11/06/image_RHsgpHF.png\" style=\"height:300px; width:460px\" /></div>\r\n\r\n<div style=\"background:#eeeeee; border:1px solid #cccccc; padding:5px 10px\"><strong>&bull; \u65b9\u5f0f\u4e8c\uff0cyarn\u65b9\u5f0f\u5b89\u88c5/\u542f\u52a8</strong><br />\r\n<samp>\u7565</samp></div>\r\n\r\n<p><span style=\"color:#dddddd\"><samp>// \u6ca1\u6709\u4eba\u80fd\u7184\u706d\u6ee1\u5929\u7e41\u661f\uff0c\u9010\u68a6\u4e4b\u8def\uff0c\u6c38\u4e0d\u8a00\u9000\uff01\uff01\uff01</samp></span></p>\r\n\r\n<p>&nbsp;</p>\r\n\r\n<p>&nbsp;</p>\r\n\r\n<ul>\r\n</ul>", "author": 1, "created_time": "2020-11-06T05:57:45.553Z", "last_updated_time": "2020-11-06T08:45:26.958Z"}}, {"model": "blog.blog", "pk": 144, "fields": {"title": "Python API\u6d4b\u8bd5\u6846\u67b6----Pytest+allure", "blog_type": 6, "content": "<h1><strong><big>pytest--\u4f7f\u7528\u4ecb\u7ecd</big></strong></h1>\r\n\r\n<h3><strong>1\u3001\u6982\u8ff0</strong></h3>\r\n\r\n<div style=\"background:#eeeeee; border:1px solid #cccccc; padding:5px 10px\">\r\n<p><strong>pytest\u662f\u4e00\u4e2a\u975e\u5e38\u6210\u719f\u7684\u5168\u529f\u80fd\u7684Python\u6d4b\u8bd5\u6846\u67b6\uff0c\u4e3b\u8981\u7279\u70b9\u6709\u4ee5\u4e0b\u51e0\u70b9\uff1a</strong></p>\r\n\r\n<div style=\"background:#eeeeee; border:1px solid #cccccc; padding:5px 10px\">\r\n<div>1\u3001\u7b80\u5355\u7075\u6d3b\uff0c\u5bb9\u6613\u4e0a\u624b\uff0c\u6587\u6863\u4e30\u5bcc\uff1b</div>\r\n</div>\r\n\r\n<div style=\"background:#eeeeee; border:1px solid #cccccc; padding:5px 10px\">\r\n<div>2\u3001\u652f\u6301\u53c2\u6570\u5316\uff0c\u53ef\u4ee5\u7ec6\u7c92\u5ea6\u5730\u63a7\u5236\u8981\u6d4b\u8bd5\u7684\u6d4b\u8bd5\u7528\u4f8b\uff1b</div>\r\n</div>\r\n\r\n<div style=\"background:#eeeeee; border:1px solid #cccccc; padding:5px 10px\">\r\n<div>3\u3001\u80fd\u591f\u652f\u6301\u7b80\u5355\u7684\u5355\u5143\u6d4b\u8bd5\u548c\u590d\u6742\u7684\u529f\u80fd\u6d4b\u8bd5\uff0c\u8fd8\u53ef\u4ee5\u7528\u6765\u505aselenium/appnium\u7b49\u81ea\u52a8\u5316\u6d4b\u8bd5\u3001\u63a5\u53e3\u81ea\u52a8\u5316\u6d4b\u8bd5\uff08pytest+requests\uff09;</div>\r\n</div>\r\n\r\n<div style=\"background:#eeeeee; border:1px solid #cccccc; padding:5px 10px\">\r\n<div>4\u3001pytest\u5177\u6709\u5f88\u591a\u7b2c\u4e09\u65b9\u63d2\u4ef6\uff0c\u5e76\u4e14\u53ef\u4ee5\u81ea\u5b9a\u4e49\u6269\u5c55\uff0c\u6bd4\u8f83\u597d\u7528\u7684\u5982pytest-selenium\uff08\u96c6\u6210selenium\uff09\u3001pytest-html\uff08\u5b8c\u7f8ehtml\u6d4b\u8bd5\u62a5\u544a\u751f\u6210\uff09\u3001pytest-rerunfailures\uff08\u5931\u8d25case\u91cd\u590d\u6267\u884c\uff09\u3001pytest-xdist\uff08\u591aCPU\u5206\u53d1\uff09\u7b49\uff1b</div>\r\n</div>\r\n\r\n<div style=\"background:#eeeeee; border:1px solid #cccccc; padding:5px 10px\">\r\n<div>5\u3001\u6d4b\u8bd5\u7528\u4f8b\u7684skip\u548cxfail\u5904\u7406\uff1b</div>\r\n</div>\r\n\r\n<div style=\"background:#eeeeee; border:1px solid #cccccc; padding:5px 10px\">\r\n<div>6\u3001\u53ef\u4ee5\u5f88\u597d\u7684\u548cCI\u5de5\u5177\u7ed3\u5408\uff0c\u4f8b\u5982jenkins</div>\r\n</div>\r\n</div>\r\n\r\n<h3><strong>&nbsp;2\u3001\u5b89\u88c5</strong></h3>\r\n\r\n<div style=\"background:#eeeeee; border:1px solid #cccccc; padding:5px 10px\">pip install pytest<br />\r\n<img src=\"/media/upload/2020/11/09/image.png\" style=\"height:147px; width:347px\" /></div>\r\n\r\n<h3><strong>3\u3001pytest\u547d\u540d\u89c4\u8303</strong></h3>\r\n\r\n<div style=\"background:#eeeeee; border:1px solid #cccccc; padding:5px 10px\">- \u6587\u4ef6\u4ee5[test_]\u5f00\u5934\u6216\u8005[_test]\u7ed3\u5c3e \u5982test_Xxx.py</div>\r\n\r\n<div style=\"background:#eeeeee; border:1px solid #cccccc; padding:5px 10px\">- \u51fd\u6570\u65b9\u6cd5\u4ee5[test_]\u5f00\u5934 test_Xxx</div>\r\n\r\n<div style=\"background:#eeeeee; border:1px solid #cccccc; padding:5px 10px\">- \u7c7b \u7c7b\u4ee5[Test]\u5f00\u5934\uff0c\u4e14\u4e0d\u80fd\u5e26\u6709__init__\u65b9\u6cd5\uff0c \u5982Test_xxx</div>\r\n\r\n<p><strong>4\u3001 \u8fd0\u884c\u547d\u4ee4</strong></p>\r\n\r\n<div style=\"background:#eeeeee; border:1px solid #cccccc; padding:5px 10px\">* \u8fd0\u884c\u5355\u4e2a\u76ee\u5f55\u4e0b\u7684\u6240\u6709\u6d4b\u8bd5\uff0c\u4ee5 \u76ee\u5f55\u4f5c\u4e3apytest\u53c2\u6570</div>\r\n\r\n<div style=\"background:#eeeeee; border:1px solid #cccccc; padding:5px 10px\">* \u8fd0\u884c\u5355\u4e2a\u6587\u4ef6/\u6a21\u5757\u7684\u6240\u6709\u6d4b\u8bd5\uff0c\u4ee5 \u8def\u5f84\u540d+\u6587\u4ef6\u540d \u4f5c\u4e3apytest\u53c2\u6570</div>\r\n\r\n<div style=\"background:#eeeeee; border:1px solid #cccccc; padding:5px 10px\">* \u8fd0\u884c\u5355\u4e2a\u6d4b\u8bd5\u51fd\u6570\uff0c\u5728 \u6587\u4ef6\u540d\u540e\u9762\u6dfb\u52a0 :: \u7b26\u53f7\u548c\u51fd\u6570\u540d \u4f5c\u4e3apytest\u53c2\u6570</div>\r\n\r\n<div style=\"background:#eeeeee; border:1px solid #cccccc; padding:5px 10px\">* \u8fd0\u884c\u5355\u4e2a\u6d4b\u8bd5\u7c7b\uff0c\u5728 \u6587\u4ef6\u540d\u540e\u9762\u6dfb\u52a0 :: \u7b26\u53f7\u548c\u7c7b\u540d \u4f5c\u4e3apytest\u53c2\u6570</div>\r\n\r\n<div style=\"background:#eeeeee; border:1px solid #cccccc; padding:5px 10px\">* \u8fd0\u884c\u5355\u4e2a\u6d4b\u8bd5\u7c7b\u4e2d\u5176\u4e2d\u4e00\u4e2a\u6d4b\u8bd5\u65b9\u6cd5\uff0c\u5728 \u6587\u4ef6\u540d\u3001\u7c7b\u540d\u540e\u9762\u6dfb\u52a0 :: :: \u7b26\u53f7\u548c\u7c7b\u540d \u4f5c\u4e3apytest\u53c2\u6570 \u4f8b\uff1aXX.py::TestXxx::testFunc</div>\r\n\r\n<p><strong>5\u3001\u5e38\u7528\u547d\u4ee4\u884c\u6307\u4ee4</strong></p>\r\n\r\n<div style=\"background:#eeeeee; border:1px solid #cccccc; padding:5px 10px\"><span style=\"color:#e74c3c\">-k&nbsp;</span>&nbsp;\u5141\u8bb8\u4f7f\u7528\u8868\u8fbe\u5f0f\u6307\u5b9a\u5e0c\u671b\u8fd0\u884c\u7684\u6d4b\u8bd5\u7528\u4f8b pytest -k&quot;asdict or defaults&quot; \u8868\u8fbe\u5f0f\u53ef\u4ee5\u5305\u542b and or not</div>\r\n\r\n<div style=\"background:#eeeeee; border:1px solid #cccccc; padding:5px 10px\"><span style=\"color:#e74c3c\">-m&nbsp;</span>&nbsp;mark&nbsp;\u7528\u4e8e\u6807\u8bb0\u6d4b\u8bd5\u5e76\u5206\u7ec4\uff0c\u4ee5\u4fbf\u5feb\u901f\u9009\u4e2d\u5e76\u8fd0\u884c \u6709\u76f8\u540c\u6807\u8bb0\u7684\u6d4b\u8bd5\u7528\u4f8b\u3001\u96c6\u5408\uff0c\u53ef\u4ee5\u4e00\u8d77\u8fd0\u884c\uff0c\u4f7f\u7528pytest -m \u6807\u8bb0\u540d\uff0c\u53ef\u4ee5\u4f7f\u7528-m &quot;mark1 and mark2&quot;\u540c\u65f6\u9009\u4e2d\u5e26\u6709\u8fd92\u4e2a\u6807\u8bb0\u7684\u6d4b\u8bd5\u7528\u4f8b\u3002-m &quot;mark1 and not mark2&quot; \u8fc7\u6ee4mark2\u7684\u6807\u8bb0\u7684\u7528\u4f8b\uff0c-m &quot;mark1 or mark2&quot;\u9009\u4e2d\u5e26\u53c8mark1\u6216\u8005mark2\u6807\u8bb0\u7684\u6240\u6709\u7528\u4f8b</div>\r\n\r\n<div style=\"background:#eeeeee; border:1px solid #cccccc; padding:5px 10px\"><span style=\"color:#e74c3c\">-v&nbsp;</span>&nbsp;\u67e5\u770b\u7528\u4f8b\u8be6\u60c5\uff0c\u53ef\u4ee5\u5728Pytest\u540e\u9762\u52a0\u4e0a-v\u6216\u8005--verbose\u9009\u9879</div>\r\n\r\n<div style=\"background:#eeeeee; border:1px solid #cccccc; padding:5px 10px\"><span style=\"color:#e74c3c\">-q</span>&nbsp; (--quite) \u4e0e-v\u76f8\u53cd\uff0c\u7b80\u5316\u8f93\u51fa\u4fe1\u606f pytest -v test_one.py</div>\r\n\r\n<div style=\"background:#eeeeee; border:1px solid #cccccc; padding:5px 10px\"><span style=\"color:#e74c3c\">-l&nbsp;&nbsp;</span>(--showlocals) \u5931\u8d25\u7528\u4f8b\u88ab\u5806\u6808\u8ffd\u8e2a\uff0c\u6253\u5370\u51fa\u5c40\u90e8\u53d8\u91cf\u540d\u548c\u4ed6\u4eec\u7684\u503c</div>\r\n\r\n<div style=\"background:#eeeeee; border:1px solid #cccccc; padding:5px 10px\"><span style=\"color:#e74c3c\">-- tb=style&nbsp;&nbsp;</span>\u6355\u6349\u5931\u8d25\u662f\u8f93\u51fa\u4fe1\u606f\u7684\u663e\u793a\u65b9\u5f0f&nbsp;</div>\r\n\r\n<div style=\"background:#eeeeee; border:1px solid #cccccc; padding:5px 10px\"><span style=\"color:#e74c3c\">--tb=line&nbsp;</span> \u4ec5\u6253\u5370\u5f02\u5e38\u7684\u4ee3\u7801\u4f4d\u7f6e\uff0c\u642d\u914d-q\u4f7f\u7528</div>\r\n\r\n<p><strong>6.1\u3001\u6d4b\u8bd5\u51fd\u6570\u7684\u6807\u8bb0&nbsp;</strong></p>\r\n\r\n<div style=\"background:#eeeeee; border:1px solid #cccccc; padding:5px 10px\">\u4f7f\u7528\u88c5\u9970\u5668 <span style=\"color:#e74c3c\">@pytest.mark.XXX</span>&nbsp;\u6765\u6807\u8bb0\u51fd\u6570\uff0c\u4e00\u4e2a\u6d4b\u8bd5\u51fd\u6570\u53ef\u4ee5\u6709\u591a\u4e2amark\uff0c\u4e00\u4e2amark\u4e5f\u53ef\u4ee5\u7528\u6765\u6807\u8bb0\u591a\u4e2a\u51fd\u6570</div>\r\n\r\n<p><strong>6.2\u3001\u6d4b\u8bd5\u7528\u4f8b\u7684\u6807\u8bb0&nbsp;</strong></p>\r\n\r\n<div style=\"background:#eeeeee; border:1px solid #cccccc; padding:5px 10px\"><strong><span style=\"background-color:#f1c40f\">skip\u4e0eskipif\u5141\u8bb8\u8df3\u8fc7\u4e0d\u5e0c\u671b\u8fd0\u884c\u7684\u6d4b\u8bd5 </span></strong></div>\r\n\r\n<div style=\"background:#eeeeee; border:1px solid #cccccc; padding:5px 10px\">skip\uff1a<span style=\"color:#e74c3c\">@pytest.mark.skip(reason=&quot;xxxx&quot;)</span> skip\u76f4\u63a5\u8df3\u8fc7,reason\u8868\u793a\u8df3\u8fc7\u7684\u8bf4\u660e\u5b57\u7b26\u4e32</div>\r\n\r\n<div style=\"background:#eeeeee; border:1px solid #cccccc; padding:5px 10px\">skipif: <span style=\"color:#e74c3c\">@pytest.mark.skipif(\u6761\u4ef6, reason=&quot;xxxx&quot;)</span> skipif()\u53ef\u4ee5\u7ed9\u8981\u8df3\u8fc7\u7684\u6d4b\u8bd5\u7528\u4f8b\u6dfb\u52a0\u3010\u6761\u4ef6\u3011\u4e0e\u7406\u7531\uff0cskipif()\u6761\u4ef6\u53ef\u4ee5\u662f\u4efb\u4f55python\u8868\u8fbe\u5f0f\uff0c\u8fd0\u884c\u7ed3\u679cs.\u8868\u793a\u6709\u4e00\u4e2a\u7528\u4f8b\u88ab\u8df3\u8fc7</div>\r\n\r\n<div style=\"background:#eeeeee; border:1px solid #cccccc; padding:5px 10px\">\u547d\u4ee4\u884c\u4f7f\u7528\u53c2\u6570<span style=\"color:#e74c3c\">[-rs] \u3010-r chars\u3011</span>\u53ef\u4ee5\u770b\u5230\u8df3\u8fc7\u7684\u5177\u4f53\u539f\u56e0</div>\r\n\r\n<div style=\"background:#eeeeee; border:1px solid #cccccc; padding:5px 10px\"><strong><span style=\"background-color:#f1c40f\">xfail()\u8868\u793apytest\u8fd0\u884c\u6b64\u6d4b\u8bd5 \u4f46\u662f\u9884\u671f\u4f1a\u5931\u8d25</span></strong></div>\r\n\r\n<div style=\"background:#eeeeee; border:1px solid #cccccc; padding:5px 10px\">xfail\uff1a<span style=\"color:#e74c3c\">@pytest.mark.xfail(\u6761\u4ef6, reason=&quot;xxxx&quot;)\uff0c </span>\u793a\u4f8b\u7528\u4f8b\u4f1a\u6267\u884c\uff0c\u5355\u7ed3\u679c\u6807\u8bb0\u4e3a\u5931\u8d25</div>\r\n\r\n<div style=\"background:#eeeeee; border:1px solid #cccccc; padding:5px 10px\"><img src=\"/media/upload/2020/11/09/image_1as5XN0.png\" style=\"float:left; height:465px; width:900px\" /><br />\r\n<br />\r\n<br />\r\n<br />\r\n<br />\r\n<br />\r\n<br />\r\n<br />\r\n<br />\r\n<br />\r\n<br />\r\n<br />\r\n<br />\r\n<br />\r\n<br />\r\n<br />\r\n<br />\r\n<br />\r\n<br />\r\n<br />\r\n<br />\r\n<br />\r\n<br />\r\n&nbsp;</div>\r\n\r\n<p><strong>&nbsp;7\u3001\u53c2\u6570\u5316\u6d4b\u8bd5</strong></p>\r\n\r\n<div style=\"background:#eeeeee; border:1px solid #cccccc; padding:5px 10px\">1\u3001\u4f7f\u7528\u88c5\u9970\u5668<span style=\"color:#e74c3c\">@pytest.mark.parametrize()</span>\u4f20\u9012\u53c2\u6570\uff0c\u53ef\u4ee5\u8bd5\u7528\u5217\u8868\u5143\u7956\u5f62\u5f0f\uff0cpytest.param()\u751f\u6210\u6807\u8bc6id\uff0c\u6b64\u65b9\u5f0f\u7c7b\u4f3c\u4e8eddt unpack\u7684\u89e3\u5305\u7c7b\u578b\uff0c&nbsp;\u8fd8\u53ef\u4ee5\u5728\u53c2\u6570\u96c6\u91cc\u5b9a\u4e49\u4e00\u4e2aid\u6765\u505a\u6807\u8bc6\uff0c\u8bed\u6cd5 pytest.param(&lt;value&gt;, id=&#39;something&#39;)</div>\r\n\r\n<div style=\"background:#eeeeee; border:1px solid #cccccc; padding:5px 10px\"><img src=\"/media/upload/2020/11/09/image_lQPfxTZ.png\" style=\"height:550px; width:900px\" /></div>\r\n\r\n<p><strong>&nbsp;8\u3001fixture</strong></p>\r\n\r\n<div style=\"background:#eeeeee; border:1px solid #cccccc; padding:5px 10px\"><span style=\"color:#e74c3c\">1\u3001@pytest.fixture()</span> \u88c5\u9970\u5668\u53ef\u4ee5\u58f0\u660e\u51fd\u6570\u662f\u4e00\u4e2afixture\uff0c\u4f1a\u5728\u6d4b\u8bd5\u51fd\u6570\u6267\u884c\u524d\u8fd0\u884c\u6b64fixture\uff0cfixture\u662f\u6709\u8fd4\u56de\u503c\u7684\uff0c\u65e0\u8fd4\u56de\u503c\u9ed8\u8ba4\u8fd4\u56deNone</div>\r\n\r\n<div style=\"background:#eeeeee; border:1px solid #cccccc; padding:5px 10px\">fixture\u53ef\u4ee5\u653e\u5728\u5355\u72ec\u7684\u6d4b\u8bd5\u6587\u4ef6\u91cc\uff0c\u5982\u679c\u5e0c\u671b\u591a\u4e2a\u6d4b\u8bd5\u6587\u4ef6\u5171\u4eabfixture\uff0c\u53ef\u5728\u67d0\u4e2a\u516c\u5171\u76ee\u5f55\u4e0b\u65b0\u5efa\u4e00\u4e2a<span style=\"color:#e74c3c\">[conftest.py]</span> \uff0c\u5982\u679c\u53ea\u5e0c\u671bfixture\u7684\u4f5c\u7528\u57df\u4ec5\u9650\u67d0\u4e2a\u6d4b\u8bd5\u6587\u4ef6\uff0c\u53ef\u4ee5\u5199\u5728\u8be5\u6d4b\u8bd5\u6587\u4ef6\u91cc\uff0cconftest.py\u662fpython\u7684\u6a21\u5757\uff0c\u4f46\u4e0d\u80fd\u88ab\u6d4b\u8bd5\u6587\u4ef6\u5bfc\u5165\uff0c\u4e0d\u80fdimport conftest\uff0c\u88abpytest\u89c6\u4f5c\u672c\u5730\u63d2\u4ef6\u5e93</div>\r\n\r\n<div style=\"background:#eeeeee; border:1px solid #cccccc; padding:5px 10px\">2\u3001fixture\u53ef\u4ee5\u7528\u6765\u6784\u5efa\u6d4b\u8bd5\u524d\u7684\u521d\u59cb\u6570\u636e\uff0c\u53ef\u4ee5\u7528\u5230\u6d4b\u8bd5\u91cc\uff0c\u4e5f\u53ef\u4ee5\u88ab\u5176\u4ed6fixture\u8bd5\u7528</div>\r\n\r\n<div style=\"background:#eeeeee; border:1px solid #cccccc; padding:5px 10px\">3\u3001fixture\u6267\u884c\u914d\u7f6e\u53ca\u9500\u6bc1\u903b\u8f91\uff0c<span style=\"background-color:#f1c40f\">fixture\u51fd\u6570\u4f1a\u5728\u6d4b\u8bd5\u51fd\u6570\u4e4b\u524d\u8fd0\u884c\uff0c\u5982\u679cfixture\u51fd\u6570\u5305\u542byield\uff0c\u90a3\u4e48\u7cfb\u7edf\u4f1a\u5728yield\u5904\u505c\u6b62\uff0c\u8f6c\u800c\u8fd0\u884c\u6d4b\u8bd5\u51fd\u6570\uff0c\u7b49\u6d4b\u8bd5\u51fd\u6570\u8fd0\u884c\u5b8c\u540e\u518d\u56de\u5230fixture\uff0c\u6267\u884cyield\u4e4b\u540e\u7684\u4ee3\u7801\u6240\u4ee5\u53ef\u4ee5\u5c06yield\u4e4b\u524d\u7684\u4ee3\u7801\u89c6\u4e3asetup\u8fc7\u7a0b\uff0cyield\u4e4b\u540e\u7684\u4ee3\u7801\u89c6\u4e3ateardown\u8fc7\u7a0b\uff0c\u65e0\u8bba\u6d4b\u8bd5\u8fc7\u7a0b\u53d1\u751f\u4ec0\u4e48\uff0cyield\u4e4b\u540e\u7684\u4ee3\u7801\u90fd\u4f1a\u88ab\u6267\u884c</span><br />\r\n<img src=\"/media/upload/2020/11/09/image_nzGmtN8.png\" style=\"height:292px; width:900px\" /></div>\r\n\r\n<div style=\"background:#eeeeee; border:1px solid #cccccc; padding:5px 10px\">4\u3001\u4e00\u4e2a\u6d4b\u8bd5\u7528\u4f8b\u51fd\u6570\u53ef\u4ee5\u63a5\u6536\u591a\u4e2afixture\uff0c\u53ef\u4ee5\u7528fixture\u505a\u53c2\u6570\u5316\uff0crequst\u4ee3\u8868fixture\u7684\u8c03\u7528\u72b6\u6001\uff0c\u6709\u4e00\u4e2aparam\u5b57\u6bb5\uff0c\u4f1a\u88ab@pytest.fixture(params=XX)\u7684params\u5217\u8868\u4e2d\u7684\u4e00\u4e2a\u5143\u7d20\u586b\u5145\uff0c\u4ee5request.param\u4f5c\u4e3a\u8fd4\u56de\u81f3\u4f9b\u6d4b\u8bd5\u4f7f\u7528\uff0c\u793a\u4f8b\u5982\u4e0b</div>\r\n\r\n<div style=\"background:#eeeeee; border:1px solid #cccccc; padding:5px 10px\">\u5b9a\u4e492\u4e2afixture<br />\r\n<img src=\"/media/upload/2020/11/09/image_BY01jcG.png\" style=\"height:361px; width:900px\" /><br />\r\n\u65b9\u6cd5\u8c03\u7528<br />\r\n<img src=\"/media/upload/2020/11/09/image_d8hJZb3.png\" style=\"height:306px; width:900px\" /></div>\r\n\r\n<p><strong>8.1 fixture\u7684\u4f5c\u7528\u8303\u56f4&nbsp;</strong></p>\r\n\r\n<div style=\"background:#eeeeee; border:1px solid #cccccc; padding:5px 10px\">\r\n<div>fixture\u5305\u542b\u4e00\u4e2ascope\uff08\u4f5c\u7528\u8303\u56f4\uff09\u7684\u53ef\u9009\u53c2\u6570\uff0c\u7528\u4e8e\u914d\u7f6efixture\u6267\u884c\u914d\u7f6e\u548c\u9500\u6bc1\u903b\u8f91\u7684\u9891\u7387\uff0c@pytest.fixture()\u7684scope\u53c2\u6570\u67094\u4e2a\u5f85\u9009\u503c\uff0c[function\u3001class\u3001module\u3001session]\uff0c\u9ed8\u8ba4\u503c\u4e3a[function]</div>\r\n</div>\r\n\r\n<div style=\"background:#eeeeee; border:1px solid #cccccc; padding:5px 10px\"><strong><span style=\"background-color:#2ecc71\">#&nbsp;</span><span style=\"background-color:#2ecc71\">scope=&quot;function&quot;</span></strong>\r\n\r\n<div style=\"background:#eeeeee; border:1px solid #cccccc; padding:5px 10px\">\r\n<div>\u51fd\u6570\u7ea7\u522b\u7684fixture\uff0c\u6bcf\u4e2a\u6d4b\u8bd5\u51fd\u6570\u53ea\u9700\u8981\u8fd0\u884c\u4e00\u6b21\uff0csetup\u5728\u6d4b\u8bd5\u7528\u4f8b\u8fd0\u884c\u4e4b\u524d\u8fd0\u884c\uff0cteardown\u5728\u7528\u4f8b\u8fd0\u884c\u4e4b\u540e\u8fd0\u884c</div>\r\n</div>\r\n</div>\r\n\r\n<div style=\"background:#eeeeee; border:1px solid #cccccc; padding:5px 10px\">\r\n<div><strong><span style=\"background-color:#f1c40f\"># scope=&quot;class&quot;</span></strong></div>\r\n\r\n<div style=\"background:#eeeeee; border:1px solid #cccccc; padding:5px 10px\">\r\n<div>\u7c7b\u7ea7\u522b\u7684fixture\uff0c\u6bcf\u4e2a\u6d4b\u8bd5\u7c7b\u53ea\u9700\u8981\u8fd0\u884c\u4e00\u6b21\uff0c\u65e0\u8bba\u6d4b\u8bd5\u7c7b\u4e2d\u6709\u591a\u5c11\u65b9\u6cd5\u90fd\u53ef\u4ee5\u5171\u4eab\u8fd9\u4e2afixture\uff0c&nbsp; \u76f8\u5f53\u4e8eunittest\u4e2dsetupClass\uff0cteardownClass</div>\r\n</div>\r\n</div>\r\n\r\n<div style=\"background:#eeeeee; border:1px solid #cccccc; padding:5px 10px\">\r\n<div>\r\n<div><strong><span style=\"background-color:#e74c3c\"># scope=&quot;module&quot;</span></strong></div>\r\n\r\n<div style=\"background:#eeeeee; border:1px solid #cccccc; padding:5px 10px\">\r\n<div>\u6a21\u5757\u7ea7\u522b\u7684fixture\uff0c\u6bcf\u4e2a\u6a21\u5757\u53ea\u9700\u8981\u8fd0\u884c\u4e00\u6b21\uff0c\u65e0\u8bba\u6a21\u5757\u91cc\u6709\u591a\u5c11\u4e2a\u6d4b\u8bd5\u51fd\u6570\uff0c\u7c7b\u65b9\u6cd5\u6216\u8005\u5176\u4ed6fixture\uff0c\u90fd\u53ef\u4ee5\u5171\u4eab\u8fd9\u4e2afixture<br />\r\n\u6bcf\u4e00\u4e2a.py\u6587\u4ef6\u8c03\u7528\u4e00\u6b21\uff0c\u8be5\u6587\u4ef6\u5185\u53c8\u6709\u591a\u4e2afunction\u548cclass</div>\r\n</div>\r\n</div>\r\n</div>\r\n\r\n<div style=\"background:#eeeeee; border:1px solid #cccccc; padding:5px 10px\">\r\n<div>\r\n<div><strong><span style=\"background-color:#9999ff\"># scope=&quot;session&quot;</span></strong></div>\r\n\r\n<div style=\"background:#eeeeee; border:1px solid #cccccc; padding:5px 10px\">\r\n<div>\u4f1a\u8bdd\u7ea7\u522b\u7684fixture\uff0c\u6bcf\u6b21\u4f1a\u8bdd\u53ea\u9700\u8981\u8fd0\u884c\u4e00\u6b21\uff0c\u4e00\u6b21pytest\u4f1a\u8bdd\u4e2d\u6240\u6709\u7684\u6d4b\u8bd5\u51fd\u6570\uff0c\u65b9\u6cd5\uff0c\u90fd\u53ef\u4ee5\u5171\u4eab\u8fd9\u4e2afixture<br />\r\n\u662f\u591a\u4e2a\u6587\u4ef6\u8c03\u7528\u4e00\u6b21\uff0c\u53ef\u4ee5\u8de8.py\u6587\u4ef6\u8c03\u7528\uff0c\u6bcf\u4e2a.py\u6587\u4ef6\u5c31\u662fmodule</div>\r\n</div>\r\n</div>\r\n</div>\r\n\r\n<p><strong>&nbsp;8.2\u3001\u793a\u4f8b</strong></p>\r\n\r\n<div style=\"background:#eeeeee; border:1px solid #cccccc; padding:5px 10px\">1\u3001conftest.py\u4e2d\u5b9a\u4e49scope=module\u8303\u56f4fixture\uff0c\u9879\u76ee\u5176\u4f59\u6a21\u5757\u76f4\u63a5\u5f15\u7528</div>\r\n\r\n<div style=\"background:#eeeeee; border:1px solid #cccccc; padding:5px 10px\"><img src=\"/media/upload/2020/11/09/image_n9VwERI.png\" style=\"height:484px; width:900px\" /></div>\r\n\r\n<div style=\"background:#eeeeee; border:1px solid #cccccc; padding:5px 10px\">\u5f15\u7528</div>\r\n\r\n<div style=\"background:#eeeeee; border:1px solid #cccccc; padding:5px 10px\"><img src=\"/media/upload/2020/11/09/image_S9m9gtI.png\" style=\"height:231px; width:900px\" /></div>\r\n\r\n<div style=\"background:#eeeeee; border:1px solid #cccccc; padding:5px 10px\">\r\n<div>2\u3001usefixtures\u6307\u5b9afixture</div>\r\n\r\n<div style=\"background:#eeeeee; border:1px solid #cccccc; padding:5px 10px\">\r\n<div>\u6807\u8bb0\u6d4b\u8bd5\u51fd\u6570\u6216\u8005\u7c7b\uff0c\u4f7f\u7528uesfixtures\uff0c\u9700\u8981\u5728\u53c2\u6570\u5217\u8868\u4e2d\u6307\u5b9a\u4e00\u4e2a\u6216\u8005\u591a\u4e2afixture\u5b57\u7b26\u4e32</div>\r\n\r\n<div><img src=\"/media/upload/2020/11/09/image_Thxwz3X.png\" style=\"height:151px; width:900px\" /><br />\r\n<img src=\"/media/upload/2020/11/09/image_tBZWhrd.png\" style=\"height:424px; width:900px\" /></div>\r\n</div>\r\n</div>\r\n\r\n<p><strong>9\u3001pytest\u7684\u914d\u7f6e\u6587\u4ef6&nbsp;</strong></p>\r\n\r\n<div style=\"background:#eeeeee; border:1px solid #cccccc; padding:5px 10px\">\r\n<div><span style=\"color:#e74c3c\"><strong># pytest.ini</strong></span></div>\r\n\r\n<div style=\"background:#eeeeee; border:1px solid #cccccc; padding:5px 10px\">\r\n<div>pytest\u7684\u4e3b\u914d\u7f6e\u6587\u4ef6\uff0c\u53ef\u4ee5\u6539\u53d8pytest\u7684\u9ed8\u8ba4\u884c\u4e3a</div>\r\n</div>\r\n</div>\r\n\r\n<div style=\"background:#eeeeee; border:1px solid #cccccc; padding:5px 10px\">\r\n<div><strong><span style=\"color:#e74c3c\">#&nbsp;conftest.py</span></strong></div>\r\n\r\n<div style=\"background:#eeeeee; border:1px solid #cccccc; padding:5px 10px\">\r\n<div>\r\n<div>\u672c\u5730\u7684\u63d2\u4ef6\u5e93\uff0c\u5176\u5b9ehook\u51fd\u6570\u548cfixture\u4f5c\u7528\u4e8e\u8be5\u6587\u4ef6\u6240\u5728\u7684\u76ee\u5f55\u4ee5\u53ca\u6240\u6709\u5b50\u76ee\u5f55</div>\r\n</div>\r\n</div>\r\n</div>\r\n\r\n<div style=\"background:#eeeeee; border:1px solid #cccccc; padding:5px 10px\">\r\n<div><span style=\"color:#e74c3c\"><strong>#&nbsp;tox.ini</strong></span></div>\r\n\r\n<div style=\"background:#eeeeee; border:1px solid #cccccc; padding:5px 10px\">\r\n<div>\r\n<div>\r\n<div>\u4e0epytest.ini\u7c7b\u4f3c\uff0c\u53ea\u4e0d\u8fc7\u662ftox\u7684\u914d\u7f6e\u6587\u4ef6\uff0c\u53ef\u4ee5\u628apytest\u7684\u914d\u7f6e\u90fd\u5199\u5728tox.ini\u4e2d\uff0c\u5c31\u53ef\u4ee5\u4e0d\u7528\u540c\u65f6\u4f7f\u7528tox\u4e0epytest 2\u4e2aini\u6587\u4ef6</div>\r\n</div>\r\n</div>\r\n</div>\r\n</div>\r\n\r\n<div style=\"background:#eeeeee; border:1px solid #cccccc; padding:5px 10px\">\r\n<div>\r\n<div><span style=\"color:#e74c3c\"><strong># setup.cfg</strong></span></div>\r\n</div>\r\n\r\n<div style=\"background:#eeeeee; border:1px solid #cccccc; padding:5px 10px\">\r\n<div>\r\n<div>\r\n<div>\u91c7\u7528ini\u6587\u4ef6\u683c\u5f0f\uff0c\u53ef\u4ee5\u5f71\u54cdsetup.py\u7684\u884c\u4e3a\uff0c\u53ef\u4ee5\u5728 setup.py\u4e2d\u6dfb\u52a0\u51e0\u884c\u4ee3\u7801\uff0c\u4f7f\u7528python setup.py test\u8fd0\u884c\u6240\u6709pytest\u6d4b\u8bd5\u7528\u4f8b \u6587\u4ef6\u5934</div>\r\n</div>\r\n</div>\r\n</div>\r\n</div>\r\n\r\n<p><strong>10\u3001pytest\u63d2\u4ef6\u5e93&nbsp;</strong></p>\r\n\r\n<div style=\"background:#eeeeee; border:1px solid #cccccc; padding:5px 10px\">\r\n<div><strong><span style=\"color:#e74c3c\">#&nbsp;coverage.py</span></strong></div>\r\n\r\n<div style=\"background:#eeeeee; border:1px solid #cccccc; padding:5px 10px\">\r\n<div>\r\n<div>\r\n<div>\r\n<div>\u5224\u65ad\u6d4b\u8bd5\u8986\u76d6\u4e86\u591a\u5c11\u4ee3\u7801</div>\r\n</div>\r\n</div>\r\n</div>\r\n</div>\r\n</div>\r\n\r\n<div style=\"background:#eeeeee; border:1px solid #cccccc; padding:5px 10px\">\r\n<div><strong><span style=\"color:#e74c3c\"># xdist.py</span></strong></div>\r\n\r\n<div style=\"background:#eeeeee; border:1px solid #cccccc; padding:5px 10px\">\r\n<div>\r\n<div>\r\n<div>\r\n<div>\r\n<div>\u5e76\u884c\u8fd0\u884c\u6d4b\u8bd5\uff0c \u5982\u679c\u4e0d\u9700\u8981\u8bbf\u95ee\u5171\u4eab\u8d44\u6e90&nbsp;</div>\r\n</div>\r\n</div>\r\n</div>\r\n</div>\r\n</div>\r\n</div>\r\n\r\n<div style=\"background:#eeeeee; border:1px solid #cccccc; padding:5px 10px\">\r\n<div><span style=\"color:#e74c3c\"><strong>#&nbsp;pytest-instafail.py</strong></span></div>\r\n\r\n<div style=\"background:#eeeeee; border:1px solid #cccccc; padding:5px 10px\">\r\n<div>\r\n<div>\r\n<div>\r\n<div>\r\n<div>\r\n<div>\u67e5\u770b\u9519\u8bef\u7684\u8be6\u7ec6\u4fe1\u606f\u3001\u4f7f\u7528\u540e\u4e0d\u5fc5\u7b49\u6240\u6709\u6d4b\u8bd5\u7528\u4f8b\u8fd0\u884c\u5b8c\u6bd5\uff0c\u6d4b\u8bd5\u7684\u5931\u8d25\u548c\u9519\u8bef\u4fe1\u606f\u4f1a\u9a6c\u4e0a\u663e\u793a\u51fa\u6765</div>\r\n</div>\r\n</div>\r\n</div>\r\n</div>\r\n</div>\r\n</div>\r\n</div>\r\n\r\n<h1><big><strong>allure--\u4f7f\u7528\u4ecb\u7ecd</strong></big></h1>\r\n\r\n<h3><strong>1\u3001\u6982\u8ff0</strong></h3>\r\n\r\n<div style=\"background:#eeeeee; border:1px solid #cccccc; padding:5px 10px\"><a href=\"http://allure.qatools.ru/\" rel=\"external nofollow\" target=\"_blank\">Allure</a>\u662f\u4e00\u6b3e\u8f7b\u91cf\u7ea7\u5e76\u4e14\u975e\u5e38\u7075\u6d3b\u7684\u5f00\u6e90\u6d4b\u8bd5\u62a5\u544a\u6846\u67b6\u3002 \u5b83\u652f\u6301\u7edd\u5927\u591a\u6570\u6d4b\u8bd5\u6846\u67b6\uff0c \u4f8b\u5982TestNG\u3001Pytest\u3001JUint\u7b49\u3002\u5b83\u7b80\u5355\u6613\u7528\uff0c\u6613\u4e8e\u96c6\u6210\u3002\u4e0b\u9762\u5c31Pytest\u5982\u4f55\u4e0eAllure\u96c6\u6210\u505a\u8be6\u7ec6\u4ecb\u7ecd</div>\r\n\r\n<p><strong>2\u3001\u5b89\u88c5</strong></p>\r\n\r\n<div style=\"background:#eeeeee; border:1px solid #cccccc; padding:5px 10px\"><strong>pip install allure-pytest&nbsp;</strong></div>\r\n\r\n<p><strong>3\u3001allure\u7279\u6027</strong></p>\r\n\r\n<div style=\"background:#eeeeee; border:1px solid #cccccc; padding:5px 10px\">\r\n<div><span style=\"color:#e74c3c\">Allure\u7279\u6027-[feature]</span></div>\r\n\r\n<div style=\"background:#eeeeee; border:1px solid #cccccc; padding:5px 10px\">\r\n<div>\u6bcf\u4e00\u4e2a\u5927\u7684\u529f\u80fd\u6a21\u5757\u53ef\u4ee5\u5b9a\u4e49\u4e3a\u4e00\u4e2afeature,\u4ee3\u7801\u5982\u4e0b @allure.feature(&#39;\u6d4b\u8bd5\u6c42\u548c\u529f\u80fd&#39;)</div>\r\n</div>\r\n</div>\r\n\r\n<div style=\"background:#eeeeee; border:1px solid #cccccc; padding:5px 10px\">\r\n<div>\r\n<div><span style=\"color:#e74c3c\">Allure\u7279\u6027-[story]</span></div>\r\n</div>\r\n\r\n<div style=\"background:#eeeeee; border:1px solid #cccccc; padding:5px 10px\">\r\n<div>\r\n<div>\u5927\u529f\u80fd\u4e0b\u7684\u4e00\u4e2a\u5b50\u529f\u80fd @allure.story(&#39;\u6d4b\u8bd5\u5c0f\u6570\u7684\u6c42\u548c\u529f\u80fd&#39;)</div>\r\n</div>\r\n</div>\r\n</div>\r\n\r\n<div style=\"background:#eeeeee; border:1px solid #cccccc; padding:5px 10px\">\r\n<div>\r\n<div>\r\n<div><span style=\"color:#e74c3c\">Allure\u7279\u6027-[severity]</span></div>\r\n</div>\r\n</div>\r\n\r\n<div style=\"background:#eeeeee; border:1px solid #cccccc; padding:5px 10px\">\r\n<div>\r\n<div>\r\n<div>\u6d4b\u8bd5\u7528\u4f8b\u7684\u4f18\u5148\u7ea7</div>\r\n</div>\r\n</div>\r\n</div>\r\n</div>\r\n\r\n<div style=\"background:#eeeeee; border:1px solid #cccccc; padding:5px 10px\">\r\n<div><span style=\"color:#e74c3c\">Allure\u7279\u6027-[attach]</span></div>\r\n\r\n<div style=\"background:#eeeeee; border:1px solid #cccccc; padding:5px 10px\">\r\n<div>\r\n<div>\r\n<div>\u7528\u4e8e\u5411\u6d4b\u8bd5\u62a5\u544a\u4e2d\u8f93\u5165\u4e00\u4e9b\u9644\u52a0\u7684\u4fe1\u606f\uff0c\u901a\u5e38\u662f\u4e00\u4e9b\u6d4b\u8bd5\u6570\u636e\uff0c\u622a\u56fe\u7b49</div>\r\n</div>\r\n</div>\r\n</div>\r\n</div>\r\n\r\n<div style=\"background:#eeeeee; border:1px solid #cccccc; padding:5px 10px\">\r\n<div><span style=\"color:#e74c3c\">Allure\u7279\u6027-[step]</span></div>\r\n\r\n<div style=\"background:#eeeeee; border:1px solid #cccccc; padding:5px 10px\">\r\n<div>\r\n<div>\r\n<div>\u7528\u4e8e\u5c06\u4e00\u4e9b\u901a\u7528\u7684\u51fd\u6570\u4f5c\u4e3a\u6d4b\u8bd5\u6b65\u9aa4\u8f93\u51fa\u5230\u62a5\u544a\uff0c\u8c03\u7528\u6b64\u51fd\u6570\u7684\u5730\u65b9\u4f1a\u5411\u62a5\u544a\u4e2d\u8f93\u51fa\u6b65\u9aa4</div>\r\n</div>\r\n</div>\r\n</div>\r\n</div>\r\n\r\n<p><strong>4\u3001\u4f7f\u7528&nbsp;</strong></p>\r\n\r\n<div style=\"background:#eeeeee; border:1px solid #cccccc; padding:5px 10px\"><img src=\"/media/upload/2020/11/09/image_CUiFYuW.png\" style=\"height:359px; width:900px\" /></div>\r\n\r\n<p><strong>&nbsp;5\u3001\u547d\u4ee4\u884c\u751f\u6210allure\u62a5\u544a\uff0c\u9700\u8981\u6709\u4e0b\u8f7dallure\u547d\u4ee4\u3010\u5b98\u7f51\u4e0b\u8f7dallure\uff0c\u5e76\u6dfb\u52a0\u5230\u7cfb\u7edf\u73af\u5883\u53d8\u91cf\u5373\u53ef\u3011</strong></p>\r\n\r\n<div style=\"background:#eeeeee; border:1px solid #cccccc; padding:5px 10px\">\r\n<pre>\r\n<img src=\"/media/upload/2020/11/09/image_TRjJYMc.png\" style=\"height:100px; width:900px\" />\r\n<strong><span style=\"color:#e74c3c\">--alluredir \uff1a</span></strong>\u6307\u5b9a&ndash;alluredir\u9009\u9879\u53ca\u7ed3\u679c\u6570\u636e\u4fdd\u5b58\u7684\u76ee\u5f55\r\n<strong>allure generate XXX -o XX --clean:</strong> \u751f\u6210\u6d4b\u8bd5\u62a5\u544a\u8def\u5f84\uff0c&ndash;clean\u9009\u9879\u76ee\u7684\u662f\u5148\u6e05\u7a7a\u6d4b\u8bd5\u62a5\u544a\u76ee\u5f55\uff0c\u518d\u751f\u6210\u65b0\u7684\u6d4b\u8bd5\u62a5\u544a\u3002\r\n</pre>\r\n</div>\r\n\r\n<p><strong>6\u3001\u62a5\u544a\u9875\u9762</strong></p>\r\n\r\n<p><img src=\"/media/upload/2020/11/09/image_RB6Gtoc.png\" style=\"height:506px; width:950px\" /></p>\r\n\r\n<p><strong>suite \u9875\u9762</strong></p>\r\n\r\n<p><img src=\"/media/upload/2020/11/09/image_vGNfNmo.png\" style=\"height:506px; width:950px\" /></p>\r\n\r\n<p><strong>\u56fe\u8868\u9875\u9762</strong></p>\r\n\r\n<p><img src=\"/media/upload/2020/11/09/image_ChfwBtt.png\" style=\"height:506px; width:950px\" /></p>\r\n\r\n<p>&nbsp;</p>\r\n\r\n<p><strong>Behaviors\u9875\u9762</strong></p>\r\n\r\n<p><img src=\"/media/upload/2020/11/09/image_Q3NuQnc.png\" style=\"height:506px; width:950px\" /></p>\r\n\r\n<p><span style=\"color:#dddddd\"><samp>// \u6ca1\u6709\u4eba\u80fd\u7184\u706d\u6ee1\u5929\u7e41\u661f\uff0c\u9010\u68a6\u4e4b\u8def\uff0c\u6c38\u4e0d\u8a00\u9000\uff01\uff01\uff01</samp></span></p>", "author": 1, "created_time": "2020-11-09T10:14:16.711Z", "last_updated_time": "2020-11-10T01:26:51.547Z"}}, {"model": "comment.comment", "pk": 1, "fields": {"content_type": 8, "object_id": 139, "text": "1212", "comment_time": "2020-11-08T08:02:05.814Z", "user": 1, "root": null, "parent": null, "reply_to": null}}, {"model": "comment.comment", "pk": 2, "fields": {"content_type": 8, "object_id": 138, "text": "q21", "comment_time": "2020-11-08T08:28:10.648Z", "user": 1, "root": null, "parent": null, "reply_to": null}}, {"model": "comment.comment", "pk": 3, "fields": {"content_type": 8, "object_id": 138, "text": "", "comment_time": "2020-11-08T08:28:12.112Z", "user": 1, "root": null, "parent": null, "reply_to": null}}, {"model": "comment.comment", "pk": 4, "fields": {"content_type": 8, "object_id": 138, "text": "", "comment_time": "2020-11-08T08:28:13.289Z", "user": 1, "root": null, "parent": null, "reply_to": null}}, {"model": "comment.comment", "pk": 5, "fields": {"content_type": 8, "object_id": 138, "text": "u", "comment_time": "2020-11-08T08:28:43.647Z", "user": 1, "root": null, "parent": null, "reply_to": null}}, {"model": "comment.comment", "pk": 6, "fields": {"content_type": 8, "object_id": 138, "text": "12", "comment_time": "2020-11-08T08:56:53.744Z", "user": 1, "root": null, "parent": null, "reply_to": null}}, {"model": "comment.comment", "pk": 7, "fields": {"content_type": 8, "object_id": 140, "text": "121", "comment_time": "2020-11-08T08:57:11.559Z", "user": 1, "root": null, "parent": null, "reply_to": null}}, {"model": "comment.comment", "pk": 8, "fields": {"content_type": 8, "object_id": 140, "text": "", "comment_time": "2020-11-08T08:57:12.860Z", "user": 1, "root": null, "parent": null, "reply_to": null}}, {"model": "comment.comment", "pk": 9, "fields": {"content_type": 8, "object_id": 140, "text": "1212", "comment_time": "2020-11-08T08:57:15.747Z", "user": 1, "root": null, "parent": null, "reply_to": null}}, {"model": "comment.comment", "pk": 10, "fields": {"content_type": 8, "object_id": 140, "text": "12", "comment_time": "2020-11-08T08:57:36.742Z", "user": 1, "root": null, "parent": null, "reply_to": null}}, {"model": "comment.comment", "pk": 11, "fields": {"content_type": 8, "object_id": 140, "text": "wwewe", "comment_time": "2020-11-08T08:57:41.893Z", "user": 1, "root": null, "parent": null, "reply_to": null}}, {"model": "comment.comment", "pk": 12, "fields": {"content_type": 8, "object_id": 140, "text": "1212", "comment_time": "2020-11-08T08:59:40.509Z", "user": 1, "root": null, "parent": null, "reply_to": null}}, {"model": "comment.comment", "pk": 13, "fields": {"content_type": 8, "object_id": 140, "text": "1212", "comment_time": "2020-11-08T09:00:37.067Z", "user": 1, "root": null, "parent": null, "reply_to": null}}, {"model": "comment.comment", "pk": 14, "fields": {"content_type": 8, "object_id": 140, "text": "1212", "comment_time": "2020-11-08T09:16:04.418Z", "user": 1, "root": null, "parent": null, "reply_to": null}}, {"model": "comment.comment", "pk": 15, "fields": {"content_type": 8, "object_id": 140, "text": "sajksajdl", "comment_time": "2020-11-08T09:16:08.270Z", "user": 1, "root": null, "parent": null, "reply_to": null}}, {"model": "comment.comment", "pk": 16, "fields": {"content_type": 8, "object_id": 140, "text": "12321321", "comment_time": "2020-11-08T09:16:15.715Z", "user": 1, "root": null, "parent": null, "reply_to": null}}, {"model": "comment.comment", "pk": 17, "fields": {"content_type": 8, "object_id": 140, "text": "\u4eca\u5929\u662f\u4e2a\u597d\u65e5\u5b50", "comment_time": "2020-11-08T09:16:23.413Z", "user": 1, "root": null, "parent": null, "reply_to": null}}, {"model": "comment.comment", "pk": 18, "fields": {"content_type": 8, "object_id": 141, "text": "haokan", "comment_time": "2020-11-08T10:08:27.101Z", "user": 1, "root": null, "parent": null, "reply_to": null}}, {"model": "comment.comment", "pk": 19, "fields": {"content_type": 8, "object_id": 141, "text": "haha", "comment_time": "2020-11-08T10:16:24.715Z", "user": 1, "root": null, "parent": null, "reply_to": null}}, {"model": "comment.comment", "pk": 20, "fields": {"content_type": 8, "object_id": 141, "text": "12", "comment_time": "2020-11-08T10:16:29.826Z", "user": 1, "root": null, "parent": null, "reply_to": null}}, {"model": "comment.comment", "pk": 21, "fields": {"content_type": 8, "object_id": 46, "text": "221", "comment_time": "2020-11-09T06:00:54.717Z", "user": 1, "root": null, "parent": null, "reply_to": null}}, {"model": "comment.comment", "pk": 22, "fields": {"content_type": 8, "object_id": 46, "text": "12", "comment_time": "2020-11-09T06:00:56.811Z", "user": 1, "root": null, "parent": null, "reply_to": null}}, {"model": "comment.comment", "pk": 23, "fields": {"content_type": 8, "object_id": 46, "text": "1212", "comment_time": "2020-11-09T06:00:58.430Z", "user": 1, "root": null, "parent": null, "reply_to": null}}, {"model": "comment.comment", "pk": 24, "fields": {"content_type": 8, "object_id": 140, "text": "123", "comment_time": "2020-11-09T13:18:48.700Z", "user": 1, "root": null, "parent": null, "reply_to": null}}, {"model": "comment.comment", "pk": 25, "fields": {"content_type": 8, "object_id": 140, "text": "1212", "comment_time": "2020-11-09T14:19:38.813Z", "user": 1, "root": null, "parent": null, "reply_to": null}}, {"model": "comment.comment", "pk": 26, "fields": {"content_type": 8, "object_id": 140, "text": "<p>qweqw</p>", "comment_time": "2020-11-09T14:54:22.613Z", "user": 1, "root": null, "parent": null, "reply_to": null}}, {"model": "comment.comment", "pk": 27, "fields": {"content_type": 8, "object_id": 140, "text": "<p>123</p>", "comment_time": "2020-11-09T14:54:27.771Z", "user": 1, "root": null, "parent": null, "reply_to": null}}, {"model": "comment.comment", "pk": 28, "fields": {"content_type": 8, "object_id": 140, "text": "<p>xiixi ajx</p>", "comment_time": "2020-11-09T15:21:07.410Z", "user": 1, "root": null, "parent": null, "reply_to": null}}, {"model": "comment.comment", "pk": 29, "fields": {"content_type": 8, "object_id": 140, "text": "<p>12</p>", "comment_time": "2020-11-09T15:22:29.747Z", "user": 1, "root": null, "parent": null, "reply_to": null}}, {"model": "comment.comment", "pk": 30, "fields": {"content_type": 8, "object_id": 140, "text": "<p>1212</p>", "comment_time": "2020-11-09T15:27:59.756Z", "user": 1, "root": null, "parent": null, "reply_to": null}}, {"model": "comment.comment", "pk": 31, "fields": {"content_type": 8, "object_id": 140, "text": "<p>qew</p>", "comment_time": "2020-11-09T15:28:18.867Z", "user": 1, "root": null, "parent": null, "reply_to": null}}, {"model": "comment.comment", "pk": 32, "fields": {"content_type": 8, "object_id": 140, "text": "<p>qew</p>", "comment_time": "2020-11-09T15:29:49.239Z", "user": 1, "root": null, "parent": null, "reply_to": null}}, {"model": "comment.comment", "pk": 33, "fields": {"content_type": 8, "object_id": 140, "text": "<p>qew212</p>", "comment_time": "2020-11-09T15:29:52.419Z", "user": 1, "root": null, "parent": null, "reply_to": null}}, {"model": "comment.comment", "pk": 34, "fields": {"content_type": 8, "object_id": 140, "text": "<p>333</p>", "comment_time": "2020-11-09T15:29:58.667Z", "user": 1, "root": null, "parent": null, "reply_to": null}}, {"model": "comment.comment", "pk": 35, "fields": {"content_type": 8, "object_id": 140, "text": "<p>12</p>", "comment_time": "2020-11-09T15:30:05.363Z", "user": 1, "root": null, "parent": null, "reply_to": null}}, {"model": "comment.comment", "pk": 36, "fields": {"content_type": 8, "object_id": 140, "text": "<p>1212</p>", "comment_time": "2020-11-09T15:31:31.709Z", "user": 1, "root": null, "parent": null, "reply_to": null}}, {"model": "comment.comment", "pk": 37, "fields": {"content_type": 8, "object_id": 140, "text": "<p>12</p>", "comment_time": "2020-11-09T15:32:49.794Z", "user": 1, "root": null, "parent": null, "reply_to": null}}, {"model": "comment.comment", "pk": 38, "fields": {"content_type": 8, "object_id": 140, "text": "<p>0000111</p>", "comment_time": "2020-11-09T15:43:00.715Z", "user": 1, "root": null, "parent": null, "reply_to": null}}, {"model": "comment.comment", "pk": 39, "fields": {"content_type": 8, "object_id": 140, "text": "<p>0000111</p>", "comment_time": "2020-11-09T15:43:09.763Z", "user": 1, "root": null, "parent": null, "reply_to": null}}, {"model": "comment.comment", "pk": 40, "fields": {"content_type": 8, "object_id": 140, "text": "<p>qqwqw</p>", "comment_time": "2020-11-09T15:43:16.388Z", "user": 1, "root": null, "parent": null, "reply_to": null}}, {"model": "comment.comment", "pk": 41, "fields": {"content_type": 8, "object_id": 140, "text": "<p>qqwqw</p>", "comment_time": "2020-11-09T15:43:18.562Z", "user": 1, "root": null, "parent": null, "reply_to": null}}, {"model": "comment.comment", "pk": 42, "fields": {"content_type": 8, "object_id": 140, "text": "<p>qqwqw</p>", "comment_time": "2020-11-09T15:43:19.525Z", "user": 1, "root": null, "parent": null, "reply_to": null}}, {"model": "comment.comment", "pk": 43, "fields": {"content_type": 8, "object_id": 140, "text": "<p>wwe</p>", "comment_time": "2020-11-09T15:45:48.840Z", "user": 1, "root": null, "parent": null, "reply_to": null}}, {"model": "comment.comment", "pk": 44, "fields": {"content_type": 8, "object_id": 140, "text": "<p>121</p>", "comment_time": "2020-11-09T15:46:09.470Z", "user": 1, "root": null, "parent": null, "reply_to": null}}, {"model": "comment.comment", "pk": 45, "fields": {"content_type": 8, "object_id": 140, "text": "<p>121</p>", "comment_time": "2020-11-09T15:46:16.549Z", "user": 1, "root": null, "parent": null, "reply_to": null}}, {"model": "comment.comment", "pk": 46, "fields": {"content_type": 8, "object_id": 140, "text": "<p>121</p>", "comment_time": "2020-11-09T15:46:17.475Z", "user": 1, "root": null, "parent": null, "reply_to": null}}, {"model": "comment.comment", "pk": 47, "fields": {"content_type": 8, "object_id": 140, "text": "<p>121</p>", "comment_time": "2020-11-09T15:46:18.796Z", "user": 1, "root": null, "parent": null, "reply_to": null}}, {"model": "comment.comment", "pk": 48, "fields": {"content_type": 8, "object_id": 140, "text": "<p>1212</p>", "comment_time": "2020-11-09T15:46:33.434Z", "user": 1, "root": null, "parent": null, "reply_to": null}}, {"model": "comment.comment", "pk": 49, "fields": {"content_type": 8, "object_id": 140, "text": "<p>12</p>", "comment_time": "2020-11-09T15:46:41.297Z", "user": 1, "root": null, "parent": null, "reply_to": null}}, {"model": "comment.comment", "pk": 50, "fields": {"content_type": 8, "object_id": 140, "text": "<p>1212<img alt=\"enlightened\" height=\"23\" src=\"http://localhost:8000/static/ckeditor/ckeditor/plugins/smiley/images/lightbulb.png\" title=\"enlightened\" width=\"23\" /></p>", "comment_time": "2020-11-09T16:05:53.262Z", "user": 1, "root": null, "parent": null, "reply_to": null}}, {"model": "comment.comment", "pk": 51, "fields": {"content_type": 8, "object_id": 140, "text": "<p>32434</p>", "comment_time": "2020-11-09T16:07:01.769Z", "user": 1, "root": null, "parent": null, "reply_to": null}}, {"model": "comment.comment", "pk": 52, "fields": {"content_type": 8, "object_id": 140, "text": "<p>324324324</p>", "comment_time": "2020-11-09T16:07:05.729Z", "user": 1, "root": null, "parent": null, "reply_to": null}}, {"model": "comment.comment", "pk": 53, "fields": {"content_type": 8, "object_id": 140, "text": "<p>4444</p>", "comment_time": "2020-11-09T16:07:08.161Z", "user": 1, "root": null, "parent": null, "reply_to": null}}, {"model": "comment.comment", "pk": 54, "fields": {"content_type": 8, "object_id": 140, "text": "<p>222</p>", "comment_time": "2020-11-09T16:07:10.931Z", "user": 1, "root": null, "parent": null, "reply_to": null}}, {"model": "comment.comment", "pk": 55, "fields": {"content_type": 8, "object_id": 140, "text": "<p>232</p>", "comment_time": "2020-11-09T16:07:48.940Z", "user": 1, "root": null, "parent": null, "reply_to": null}}, {"model": "comment.comment", "pk": 56, "fields": {"content_type": 8, "object_id": 140, "text": "<p>213</p>", "comment_time": "2020-11-09T16:08:46.852Z", "user": 1, "root": null, "parent": null, "reply_to": null}}, {"model": "comment.comment", "pk": 57, "fields": {"content_type": 8, "object_id": 140, "text": "<p>wqeqwe</p>", "comment_time": "2020-11-09T16:09:07.455Z", "user": 1, "root": null, "parent": 60, "reply_to": null}}, {"model": "comment.comment", "pk": 58, "fields": {"content_type": 8, "object_id": 140, "text": "<p><img alt=\"devil\" height=\"23\" src=\"http://localhost:8000/static/ckeditor/ckeditor/plugins/smiley/images/devil_smile.png\" title=\"devil\" width=\"23\" /></p>", "comment_time": "2020-11-09T16:09:39.807Z", "user": 1, "root": null, "parent": null, "reply_to": null}}, {"model": "comment.comment", "pk": 59, "fields": {"content_type": 8, "object_id": 143, "text": "<p>\u5199\u5f97\u597d~~~\u7ed9\u4e2a\u8d5e</p>", "comment_time": "2020-11-09T16:18:31.725Z", "user": 1, "root": null, "parent": null, "reply_to": null}}, {"model": "comment.comment", "pk": 60, "fields": {"content_type": 8, "object_id": 144, "text": "<p>\u5199\u7684\u597d~~~<img alt=\"yes\" height=\"23\" src=\"http://localhost:8000/static/ckeditor/ckeditor/plugins/smiley/images/thumbs_up.png\" title=\"yes\" width=\"23\" /></p>", "comment_time": "2020-11-10T01:35:37.473Z", "user": 1, "root": null, "parent": null, "reply_to": null}}, {"model": "comment.comment", "pk": 61, "fields": {"content_type": 8, "object_id": 144, "text": "<p>1</p>", "comment_time": "2020-11-10T01:36:18.102Z", "user": 1, "root": null, "parent": null, "reply_to": null}}, {"model": "comment.comment", "pk": 62, "fields": {"content_type": 8, "object_id": 61, "text": "1212", "comment_time": "2020-11-11T13:16:00.662Z", "user": 1, "root": null, "parent": null, "reply_to": null}}, {"model": "comment.comment", "pk": 63, "fields": {"content_type": 8, "object_id": 143, "text": "<p>\u54c8\u54c8</p>", "comment_time": "2020-11-11T14:41:48.976Z", "user": 1, "root": null, "parent": null, "reply_to": null}}, {"model": "comment.comment", "pk": 64, "fields": {"content_type": 8, "object_id": 143, "text": "<p>\u4f60\u8fd8</p>", "comment_time": "2020-11-11T14:41:59.023Z", "user": 1, "root": null, "parent": null, "reply_to": null}}, {"model": "comment.comment", "pk": 65, "fields": {"content_type": 8, "object_id": 143, "text": "<p>1212</p>", "comment_time": "2020-11-11T15:05:17.460Z", "user": 1, "root": null, "parent": null, "reply_to": null}}, {"model": "comment.comment", "pk": 66, "fields": {"content_type": 8, "object_id": 143, "text": "<p>1212</p>", "comment_time": "2020-11-11T15:05:22.514Z", "user": 1, "root": 64, "parent": null, "reply_to": 1}}, {"model": "comment.comment", "pk": 67, "fields": {"content_type": 8, "object_id": 143, "text": "<p>1212</p>", "comment_time": "2020-11-11T15:05:37.518Z", "user": 1, "root": 64, "parent": null, "reply_to": 1}}, {"model": "comment.comment", "pk": 68, "fields": {"content_type": 8, "object_id": 143, "text": "<p>\u597d</p>", "comment_time": "2020-11-11T15:05:56.885Z", "user": 1, "root": null, "parent": null, "reply_to": null}}, {"model": "comment.comment", "pk": 69, "fields": {"content_type": 8, "object_id": 143, "text": "<p>12</p>", "comment_time": "2020-11-11T15:06:04.673Z", "user": 1, "root": 68, "parent": null, "reply_to": 1}}, {"model": "comment.comment", "pk": 70, "fields": {"content_type": 8, "object_id": 143, "text": "<p>1212</p>", "comment_time": "2020-11-11T15:35:09.810Z", "user": 1, "root": 68, "parent": null, "reply_to": 1}}, {"model": "comment.comment", "pk": 71, "fields": {"content_type": 8, "object_id": 143, "text": "<p>1212</p>", "comment_time": "2020-11-11T15:35:13.878Z", "user": 1, "root": 68, "parent": null, "reply_to": 1}}, {"model": "comment.comment", "pk": 72, "fields": {"content_type": 8, "object_id": 143, "text": "<p>12</p>", "comment_time": "2020-11-11T15:39:38.371Z", "user": 1, "root": 68, "parent": null, "reply_to": 1}}, {"model": "comment.comment", "pk": 73, "fields": {"content_type": 8, "object_id": 143, "text": "<p>12</p>", "comment_time": "2020-11-11T15:39:39.719Z", "user": 1, "root": 68, "parent": null, "reply_to": 1}}, {"model": "comment.comment", "pk": 74, "fields": {"content_type": 8, "object_id": 143, "text": "<p>12</p>", "comment_time": "2020-11-11T15:39:40.582Z", "user": 1, "root": 68, "parent": null, "reply_to": 1}}, {"model": "comment.comment", "pk": 75, "fields": {"content_type": 8, "object_id": 143, "text": "<p>12</p>", "comment_time": "2020-11-11T15:39:42.484Z", "user": 1, "root": 68, "parent": null, "reply_to": 1}}, {"model": "comment.comment", "pk": 76, "fields": {"content_type": 8, "object_id": 143, "text": "<p>12</p>", "comment_time": "2020-11-11T15:39:43.090Z", "user": 1, "root": 68, "parent": null, "reply_to": 1}}, {"model": "comment.comment", "pk": 77, "fields": {"content_type": 8, "object_id": 143, "text": "<p>12</p>", "comment_time": "2020-11-11T15:39:43.302Z", "user": 1, "root": 68, "parent": null, "reply_to": 1}}, {"model": "comment.comment", "pk": 78, "fields": {"content_type": 8, "object_id": 143, "text": "<p>12</p>", "comment_time": "2020-11-11T15:39:43.518Z", "user": 1, "root": 68, "parent": null, "reply_to": 1}}, {"model": "comment.comment", "pk": 79, "fields": {"content_type": 8, "object_id": 143, "text": "<p>12</p>", "comment_time": "2020-11-11T15:39:43.922Z", "user": 1, "root": 68, "parent": null, "reply_to": 1}}, {"model": "comment.comment", "pk": 80, "fields": {"content_type": 8, "object_id": 143, "text": "<p>12</p>", "comment_time": "2020-11-11T15:39:44.167Z", "user": 1, "root": 68, "parent": null, "reply_to": 1}}, {"model": "comment.comment", "pk": 81, "fields": {"content_type": 8, "object_id": 143, "text": "<p>12</p>", "comment_time": "2020-11-11T15:39:44.417Z", "user": 1, "root": 68, "parent": null, "reply_to": 1}}, {"model": "comment.comment", "pk": 82, "fields": {"content_type": 8, "object_id": 143, "text": "<p>12123</p>", "comment_time": "2020-11-11T15:39:46.636Z", "user": 1, "root": 68, "parent": null, "reply_to": 1}}, {"model": "comment.comment", "pk": 83, "fields": {"content_type": 8, "object_id": 143, "text": "<p>12123</p>", "comment_time": "2020-11-11T15:39:46.898Z", "user": 1, "root": 68, "parent": null, "reply_to": 1}}, {"model": "comment.comment", "pk": 84, "fields": {"content_type": 8, "object_id": 143, "text": "<p>12123</p>", "comment_time": "2020-11-11T15:39:47.117Z", "user": 1, "root": 68, "parent": null, "reply_to": 1}}, {"model": "comment.comment", "pk": 85, "fields": {"content_type": 8, "object_id": 143, "text": "<p>12123</p>", "comment_time": "2020-11-11T15:39:47.369Z", "user": 1, "root": 68, "parent": null, "reply_to": 1}}, {"model": "comment.comment", "pk": 86, "fields": {"content_type": 8, "object_id": 143, "text": "<p>12123</p>", "comment_time": "2020-11-11T15:39:47.584Z", "user": 1, "root": 68, "parent": null, "reply_to": 1}}, {"model": "comment.comment", "pk": 87, "fields": {"content_type": 8, "object_id": 143, "text": "<p>12123</p>", "comment_time": "2020-11-11T15:39:49.459Z", "user": 1, "root": 68, "parent": null, "reply_to": 1}}, {"model": "comment.comment", "pk": 88, "fields": {"content_type": 8, "object_id": 143, "text": "<p>12123</p>", "comment_time": "2020-11-11T15:39:49.702Z", "user": 1, "root": 68, "parent": null, "reply_to": 1}}, {"model": "comment.comment", "pk": 89, "fields": {"content_type": 8, "object_id": 143, "text": "<p>12123</p>", "comment_time": "2020-11-11T15:39:49.982Z", "user": 1, "root": 68, "parent": null, "reply_to": 1}}, {"model": "comment.comment", "pk": 90, "fields": {"content_type": 8, "object_id": 143, "text": "<p>12123</p>", "comment_time": "2020-11-11T15:39:50.199Z", "user": 1, "root": 68, "parent": null, "reply_to": 1}}, {"model": "comment.comment", "pk": 91, "fields": {"content_type": 8, "object_id": 143, "text": "<p>\u4e0d\u662f\u5427</p>", "comment_time": "2020-11-11T15:40:07.139Z", "user": 1, "root": 68, "parent": null, "reply_to": 1}}, {"model": "comment.comment", "pk": 92, "fields": {"content_type": 8, "object_id": 143, "text": "<p>\u4e0d\u662f\u5427</p>", "comment_time": "2020-11-11T15:40:10.704Z", "user": 1, "root": 68, "parent": null, "reply_to": 1}}, {"model": "comment.comment", "pk": 93, "fields": {"content_type": 8, "object_id": 143, "text": "<p>\u978d\u94a2</p>", "comment_time": "2020-11-11T15:40:17.626Z", "user": 1, "root": 68, "parent": null, "reply_to": 1}}, {"model": "comment.comment", "pk": 94, "fields": {"content_type": 8, "object_id": 143, "text": "<p>\u978d\u94a2</p>", "comment_time": "2020-11-11T15:40:18.226Z", "user": 1, "root": 68, "parent": null, "reply_to": 1}}, {"model": "comment.comment", "pk": 95, "fields": {"content_type": 8, "object_id": 143, "text": "<p>\u978d\u94a2</p>", "comment_time": "2020-11-11T15:40:18.652Z", "user": 1, "root": 68, "parent": null, "reply_to": 1}}, {"model": "comment.comment", "pk": 96, "fields": {"content_type": 8, "object_id": 143, "text": "<p>\u978d\u94a2</p>", "comment_time": "2020-11-11T15:40:19.078Z", "user": 1, "root": 68, "parent": null, "reply_to": 1}}, {"model": "comment.comment", "pk": 98, "fields": {"content_type": 8, "object_id": 143, "text": "<p>1212</p>", "comment_time": "2020-11-11T15:40:53.631Z", "user": 1, "root": 68, "parent": null, "reply_to": 1}}, {"model": "comment.comment", "pk": 99, "fields": {"content_type": 8, "object_id": 143, "text": "<p>1212</p>", "comment_time": "2020-11-11T15:40:54.420Z", "user": 1, "root": 68, "parent": null, "reply_to": 1}}, {"model": "comment.comment", "pk": 102, "fields": {"content_type": 8, "object_id": 143, "text": "<p>1212</p>", "comment_time": "2020-11-11T15:40:55.719Z", "user": 1, "root": 68, "parent": null, "reply_to": 1}}, {"model": "comment.comment", "pk": 103, "fields": {"content_type": 8, "object_id": 143, "text": "<p>1212</p>", "comment_time": "2020-11-11T15:40:56.127Z", "user": 1, "root": 68, "parent": null, "reply_to": 1}}, {"model": "comment.comment", "pk": 104, "fields": {"content_type": 8, "object_id": 143, "text": "<p>1212</p>", "comment_time": "2020-11-11T15:40:56.418Z", "user": 1, "root": 68, "parent": null, "reply_to": 1}}, {"model": "comment.comment", "pk": 105, "fields": {"content_type": 8, "object_id": 143, "text": "<p>1212</p>", "comment_time": "2020-11-11T15:40:56.900Z", "user": 1, "root": 68, "parent": null, "reply_to": 1}}, {"model": "comment.comment", "pk": 106, "fields": {"content_type": 8, "object_id": 143, "text": "<p>1212</p>", "comment_time": "2020-11-11T15:41:02.767Z", "user": 1, "root": 68, "parent": null, "reply_to": 1}}, {"model": "comment.comment", "pk": 107, "fields": {"content_type": 8, "object_id": 143, "text": "<p>1212</p>", "comment_time": "2020-11-11T15:41:03.371Z", "user": 1, "root": 68, "parent": null, "reply_to": 1}}, {"model": "comment.comment", "pk": 108, "fields": {"content_type": 8, "object_id": 143, "text": "<p>1212</p>", "comment_time": "2020-11-11T15:41:03.898Z", "user": 1, "root": 68, "parent": null, "reply_to": 1}}, {"model": "comment.comment", "pk": 109, "fields": {"content_type": 8, "object_id": 143, "text": "<p>1212</p>", "comment_time": "2020-11-11T15:41:04.368Z", "user": 1, "root": 68, "parent": null, "reply_to": 1}}, {"model": "comment.comment", "pk": 110, "fields": {"content_type": 8, "object_id": 143, "text": "<p>1212122</p>", "comment_time": "2020-11-11T15:41:10.141Z", "user": 1, "root": 68, "parent": null, "reply_to": 1}}, {"model": "comment.comment", "pk": 111, "fields": {"content_type": 8, "object_id": 143, "text": "<p>1212122</p>", "comment_time": "2020-11-11T15:41:10.704Z", "user": 1, "root": 68, "parent": null, "reply_to": 1}}, {"model": "comment.comment", "pk": 112, "fields": {"content_type": 8, "object_id": 143, "text": "<p>1212122</p>", "comment_time": "2020-11-11T15:41:11.198Z", "user": 1, "root": 68, "parent": null, "reply_to": 1}}, {"model": "comment.comment", "pk": 113, "fields": {"content_type": 8, "object_id": 143, "text": "<p>\u597d\u73a9</p>", "comment_time": "2020-11-11T15:42:12.725Z", "user": 1, "root": null, "parent": null, "reply_to": null}}, {"model": "comment.comment", "pk": 114, "fields": {"content_type": 8, "object_id": 143, "text": "<p>12</p>", "comment_time": "2020-11-11T15:42:19.481Z", "user": 1, "root": 113, "parent": null, "reply_to": 1}}, {"model": "comment.comment", "pk": 115, "fields": {"content_type": 8, "object_id": 143, "text": "<p>12</p>", "comment_time": "2020-11-11T15:42:20.463Z", "user": 1, "root": 113, "parent": null, "reply_to": 1}}, {"model": "comment.comment", "pk": 116, "fields": {"content_type": 8, "object_id": 143, "text": "<p>12</p>", "comment_time": "2020-11-11T15:42:20.931Z", "user": 1, "root": 113, "parent": null, "reply_to": 1}}, {"model": "comment.comment", "pk": 117, "fields": {"content_type": 8, "object_id": 143, "text": "<p>12</p>", "comment_time": "2020-11-11T15:42:21.417Z", "user": 1, "root": 113, "parent": null, "reply_to": 1}}, {"model": "comment.comment", "pk": 118, "fields": {"content_type": 8, "object_id": 143, "text": "<p>12</p>", "comment_time": "2020-11-11T15:42:21.691Z", "user": 1, "root": 113, "parent": null, "reply_to": 1}}, {"model": "comment.comment", "pk": 119, "fields": {"content_type": 8, "object_id": 143, "text": "<p>12</p>", "comment_time": "2020-11-11T15:42:21.949Z", "user": 1, "root": 113, "parent": null, "reply_to": 1}}, {"model": "comment.comment", "pk": 120, "fields": {"content_type": 8, "object_id": 143, "text": "<p>12</p>", "comment_time": "2020-11-11T15:42:22.222Z", "user": 1, "root": 113, "parent": null, "reply_to": 1}}, {"model": "comment.comment", "pk": 121, "fields": {"content_type": 8, "object_id": 143, "text": "<p>12</p>", "comment_time": "2020-11-11T15:42:22.452Z", "user": 1, "root": 113, "parent": null, "reply_to": 1}}, {"model": "comment.comment", "pk": 122, "fields": {"content_type": 8, "object_id": 143, "text": "<p>12</p>", "comment_time": "2020-11-11T15:42:22.745Z", "user": 1, "root": 113, "parent": null, "reply_to": 1}}, {"model": "comment.comment", "pk": 123, "fields": {"content_type": 8, "object_id": 143, "text": "<p>12</p>", "comment_time": "2020-11-11T15:42:22.953Z", "user": 1, "root": 113, "parent": null, "reply_to": 1}}, {"model": "comment.comment", "pk": 124, "fields": {"content_type": 8, "object_id": 143, "text": "<p>12</p>", "comment_time": "2020-11-11T15:42:23.553Z", "user": 1, "root": 113, "parent": null, "reply_to": 1}}, {"model": "comment.comment", "pk": 125, "fields": {"content_type": 8, "object_id": 143, "text": "<p>12</p>", "comment_time": "2020-11-11T15:42:23.779Z", "user": 1, "root": 113, "parent": null, "reply_to": 1}}, {"model": "comment.comment", "pk": 126, "fields": {"content_type": 8, "object_id": 143, "text": "<p>12</p>", "comment_time": "2020-11-11T15:42:23.989Z", "user": 1, "root": 113, "parent": null, "reply_to": 1}}, {"model": "comment.comment", "pk": 127, "fields": {"content_type": 8, "object_id": 143, "text": "<p>12</p>", "comment_time": "2020-11-11T15:42:24.195Z", "user": 1, "root": 113, "parent": null, "reply_to": 1}}, {"model": "comment.comment", "pk": 128, "fields": {"content_type": 8, "object_id": 143, "text": "<p>12</p>", "comment_time": "2020-11-11T15:42:24.386Z", "user": 1, "root": 113, "parent": null, "reply_to": 1}}, {"model": "comment.comment", "pk": 129, "fields": {"content_type": 8, "object_id": 143, "text": "<p>12</p>", "comment_time": "2020-11-11T15:42:24.545Z", "user": 1, "root": 113, "parent": null, "reply_to": 1}}, {"model": "comment.comment", "pk": 130, "fields": {"content_type": 8, "object_id": 143, "text": "<p>12</p>", "comment_time": "2020-11-11T15:42:24.719Z", "user": 1, "root": 113, "parent": null, "reply_to": 1}}, {"model": "comment.comment", "pk": 131, "fields": {"content_type": 8, "object_id": 143, "text": "<p>12</p>", "comment_time": "2020-11-11T15:42:24.876Z", "user": 1, "root": 113, "parent": null, "reply_to": 1}}, {"model": "comment.comment", "pk": 132, "fields": {"content_type": 8, "object_id": 143, "text": "<p>12</p>", "comment_time": "2020-11-11T15:42:25.026Z", "user": 1, "root": 113, "parent": null, "reply_to": 1}}, {"model": "comment.comment", "pk": 133, "fields": {"content_type": 8, "object_id": 143, "text": "<p>12</p>", "comment_time": "2020-11-11T15:42:25.179Z", "user": 1, "root": 113, "parent": null, "reply_to": 1}}, {"model": "comment.comment", "pk": 134, "fields": {"content_type": 8, "object_id": 143, "text": "<p>12</p>", "comment_time": "2020-11-11T15:42:25.345Z", "user": 1, "root": 113, "parent": null, "reply_to": 1}}, {"model": "comment.comment", "pk": 135, "fields": {"content_type": 8, "object_id": 143, "text": "<p>12</p>", "comment_time": "2020-11-11T15:42:25.504Z", "user": 1, "root": 113, "parent": null, "reply_to": 1}}, {"model": "comment.comment", "pk": 136, "fields": {"content_type": 8, "object_id": 143, "text": "<p>12</p>", "comment_time": "2020-11-11T15:42:25.665Z", "user": 1, "root": 113, "parent": null, "reply_to": 1}}, {"model": "comment.comment", "pk": 137, "fields": {"content_type": 8, "object_id": 143, "text": "<p>12</p>", "comment_time": "2020-11-11T15:42:25.821Z", "user": 1, "root": 113, "parent": null, "reply_to": 1}}, {"model": "comment.comment", "pk": 138, "fields": {"content_type": 8, "object_id": 143, "text": "<p>12</p>", "comment_time": "2020-11-11T15:42:25.981Z", "user": 1, "root": 113, "parent": null, "reply_to": 1}}, {"model": "comment.comment", "pk": 139, "fields": {"content_type": 8, "object_id": 143, "text": "<p>12</p>", "comment_time": "2020-11-11T15:42:26.133Z", "user": 1, "root": 113, "parent": null, "reply_to": 1}}, {"model": "comment.comment", "pk": 140, "fields": {"content_type": 8, "object_id": 143, "text": "<p>12</p>", "comment_time": "2020-11-11T15:42:26.328Z", "user": 1, "root": 113, "parent": null, "reply_to": 1}}, {"model": "comment.comment", "pk": 141, "fields": {"content_type": 8, "object_id": 143, "text": "<p>12</p>", "comment_time": "2020-11-11T15:42:26.639Z", "user": 1, "root": 113, "parent": null, "reply_to": 1}}, {"model": "comment.comment", "pk": 142, "fields": {"content_type": 8, "object_id": 143, "text": "<p>12</p>", "comment_time": "2020-11-11T15:42:26.712Z", "user": 1, "root": 113, "parent": null, "reply_to": 1}}, {"model": "comment.comment", "pk": 143, "fields": {"content_type": 8, "object_id": 143, "text": "<p>12</p>", "comment_time": "2020-11-11T15:42:26.804Z", "user": 1, "root": 113, "parent": null, "reply_to": 1}}, {"model": "comment.comment", "pk": 144, "fields": {"content_type": 8, "object_id": 143, "text": "<p>12</p>", "comment_time": "2020-11-11T15:42:26.899Z", "user": 1, "root": 113, "parent": null, "reply_to": 1}}, {"model": "comment.comment", "pk": 145, "fields": {"content_type": 8, "object_id": 143, "text": "<p>12</p>", "comment_time": "2020-11-11T15:42:29.297Z", "user": 1, "root": 113, "parent": null, "reply_to": 1}}, {"model": "comment.comment", "pk": 146, "fields": {"content_type": 8, "object_id": 143, "text": "<p>12</p>", "comment_time": "2020-11-11T15:42:29.530Z", "user": 1, "root": 113, "parent": null, "reply_to": 1}}, {"model": "comment.comment", "pk": 147, "fields": {"content_type": 8, "object_id": 143, "text": "<p>12</p>", "comment_time": "2020-11-11T15:42:29.731Z", "user": 1, "root": 113, "parent": null, "reply_to": 1}}, {"model": "comment.comment", "pk": 148, "fields": {"content_type": 8, "object_id": 143, "text": "<p>12</p>", "comment_time": "2020-11-11T15:42:29.963Z", "user": 1, "root": 113, "parent": null, "reply_to": 1}}, {"model": "comment.comment", "pk": 149, "fields": {"content_type": 8, "object_id": 143, "text": "<p>12</p>", "comment_time": "2020-11-11T15:42:30.181Z", "user": 1, "root": 113, "parent": null, "reply_to": 1}}, {"model": "comment.comment", "pk": 150, "fields": {"content_type": 8, "object_id": 143, "text": "<p>12</p>", "comment_time": "2020-11-11T15:42:30.565Z", "user": 1, "root": 113, "parent": null, "reply_to": 1}}, {"model": "comment.comment", "pk": 151, "fields": {"content_type": 8, "object_id": 143, "text": "<p>12</p>", "comment_time": "2020-11-11T15:42:30.993Z", "user": 1, "root": 113, "parent": null, "reply_to": 1}}, {"model": "comment.comment", "pk": 152, "fields": {"content_type": 8, "object_id": 143, "text": "<p>12</p>", "comment_time": "2020-11-11T15:42:31.460Z", "user": 1, "root": 113, "parent": null, "reply_to": 1}}, {"model": "comment.comment", "pk": 153, "fields": {"content_type": 8, "object_id": 143, "text": "<p>12</p>", "comment_time": "2020-11-11T15:42:31.871Z", "user": 1, "root": 113, "parent": null, "reply_to": 1}}, {"model": "comment.comment", "pk": 154, "fields": {"content_type": 8, "object_id": 143, "text": "<p>12</p>", "comment_time": "2020-11-11T15:42:32.353Z", "user": 1, "root": 113, "parent": null, "reply_to": 1}}, {"model": "comment.comment", "pk": 155, "fields": {"content_type": 8, "object_id": 143, "text": "<p>12</p>", "comment_time": "2020-11-11T15:42:32.811Z", "user": 1, "root": 113, "parent": null, "reply_to": 1}}, {"model": "comment.comment", "pk": 156, "fields": {"content_type": 8, "object_id": 143, "text": "<p>12</p>", "comment_time": "2020-11-11T15:42:33.315Z", "user": 1, "root": 113, "parent": null, "reply_to": 1}}, {"model": "comment.comment", "pk": 157, "fields": {"content_type": 8, "object_id": 143, "text": "<p>12</p>", "comment_time": "2020-11-11T15:42:34.461Z", "user": 1, "root": 113, "parent": null, "reply_to": 1}}, {"model": "comment.comment", "pk": 158, "fields": {"content_type": 8, "object_id": 143, "text": "<p>12</p>", "comment_time": "2020-11-11T15:44:37.480Z", "user": 1, "root": 113, "parent": null, "reply_to": 1}}, {"model": "comment.comment", "pk": 159, "fields": {"content_type": 8, "object_id": 143, "text": "<p>12</p>", "comment_time": "2020-11-11T15:44:38.091Z", "user": 1, "root": 113, "parent": null, "reply_to": 1}}, {"model": "comment.comment", "pk": 160, "fields": {"content_type": 8, "object_id": 143, "text": "<p>12</p>", "comment_time": "2020-11-11T15:44:38.506Z", "user": 1, "root": 113, "parent": null, "reply_to": 1}}, {"model": "comment.comment", "pk": 161, "fields": {"content_type": 8, "object_id": 143, "text": "<p>12</p>", "comment_time": "2020-11-11T15:44:38.717Z", "user": 1, "root": 113, "parent": null, "reply_to": 1}}, {"model": "comment.comment", "pk": 162, "fields": {"content_type": 8, "object_id": 140, "text": "<p>lkl</p>", "comment_time": "2020-11-11T15:45:05.752Z", "user": 1, "root": 58, "parent": null, "reply_to": 1}}, {"model": "comment.comment", "pk": 163, "fields": {"content_type": 8, "object_id": 140, "text": "<p>llkm</p>", "comment_time": "2020-11-11T15:45:19.516Z", "user": 1, "root": 58, "parent": null, "reply_to": 1}}, {"model": "comment.comment", "pk": 164, "fields": {"content_type": 8, "object_id": 140, "text": "<p>gade&nbsp;</p>", "comment_time": "2020-11-11T15:52:12.665Z", "user": 1, "root": 58, "parent": null, "reply_to": 1}}, {"model": "comment.comment", "pk": 165, "fields": {"content_type": 8, "object_id": 140, "text": "<p>gade&nbsp;</p>", "comment_time": "2020-11-11T15:52:13.567Z", "user": 1, "root": 58, "parent": null, "reply_to": 1}}, {"model": "comment.comment", "pk": 166, "fields": {"content_type": 8, "object_id": 140, "text": "<p>gade&nbsp;</p>", "comment_time": "2020-11-11T15:52:14.152Z", "user": 1, "root": 58, "parent": null, "reply_to": 1}}, {"model": "comment.comment", "pk": 167, "fields": {"content_type": 8, "object_id": 140, "text": "<p>gade&nbsp;</p>", "comment_time": "2020-11-11T15:52:14.699Z", "user": 1, "root": 58, "parent": null, "reply_to": 1}}, {"model": "comment.comment", "pk": 168, "fields": {"content_type": 8, "object_id": 140, "text": "<p>gade&nbsp;</p>", "comment_time": "2020-11-11T15:52:15.056Z", "user": 1, "root": 58, "parent": null, "reply_to": 1}}, {"model": "comment.comment", "pk": 169, "fields": {"content_type": 8, "object_id": 140, "text": "<p>gade&nbsp;</p>", "comment_time": "2020-11-11T15:52:15.491Z", "user": 1, "root": 58, "parent": null, "reply_to": 1}}, {"model": "comment.comment", "pk": 170, "fields": {"content_type": 8, "object_id": 140, "text": "<p>gade&nbsp;</p>", "comment_time": "2020-11-11T15:54:25.006Z", "user": 1, "root": 58, "parent": null, "reply_to": 1}}, {"model": "comment.comment", "pk": 171, "fields": {"content_type": 8, "object_id": 140, "text": "<p>12</p>", "comment_time": "2020-11-11T15:54:28.996Z", "user": 1, "root": 58, "parent": null, "reply_to": 1}}, {"model": "comment.comment", "pk": 172, "fields": {"content_type": 8, "object_id": 140, "text": "<p>\u5410\u4e86</p>", "comment_time": "2020-11-11T15:54:47.649Z", "user": 1, "root": 58, "parent": null, "reply_to": 1}}, {"model": "comment.comment", "pk": 173, "fields": {"content_type": 8, "object_id": 140, "text": "<p>\u597d\u7d2f</p>", "comment_time": "2020-11-11T15:55:02.387Z", "user": 1, "root": 58, "parent": null, "reply_to": 1}}, {"model": "comment.comment", "pk": 174, "fields": {"content_type": 8, "object_id": 140, "text": "<p>\u4ec0\u4e48</p>", "comment_time": "2020-11-11T15:55:20.864Z", "user": 1, "root": 58, "parent": null, "reply_to": 1}}, {"model": "comment.comment", "pk": 175, "fields": {"content_type": 8, "object_id": 140, "text": "<p>213</p>", "comment_time": "2020-11-11T15:55:30.364Z", "user": 1, "root": 58, "parent": null, "reply_to": 1}}, {"model": "comment.comment", "pk": 176, "fields": {"content_type": 8, "object_id": 140, "text": "<p><img alt=\"devil\" height=\"23\" src=\"http://localhost:8000/static/ckeditor/ckeditor/plugins/smiley/images/devil_smile.png\" title=\"devil\" width=\"23\" /></p>", "comment_time": "2020-11-11T15:55:49.267Z", "user": 1, "root": 58, "parent": null, "reply_to": 1}}, {"model": "comment.comment", "pk": 177, "fields": {"content_type": 8, "object_id": 139, "text": "<p>12</p>", "comment_time": "2020-11-11T16:00:08.406Z", "user": 1, "root": 1, "parent": 1, "reply_to": 1}}, {"model": "comment.comment", "pk": 178, "fields": {"content_type": 8, "object_id": 139, "text": "<p>12</p>", "comment_time": "2020-11-11T16:03:01.700Z", "user": 1, "root": 1, "parent": 177, "reply_to": 1}}, {"model": "comment.comment", "pk": 179, "fields": {"content_type": 8, "object_id": 139, "text": "<p>\u597d\u7684</p>", "comment_time": "2020-11-11T16:03:07.065Z", "user": 1, "root": 1, "parent": 177, "reply_to": 1}}, {"model": "comment.comment", "pk": 180, "fields": {"content_type": 8, "object_id": 139, "text": "<p>21</p>", "comment_time": "2020-11-11T16:04:59.887Z", "user": 1, "root": null, "parent": null, "reply_to": null}}, {"model": "comment.comment", "pk": 181, "fields": {"content_type": 8, "object_id": 139, "text": "<p>12</p>", "comment_time": "2020-11-11T16:06:45.519Z", "user": 1, "root": null, "parent": null, "reply_to": null}}, {"model": "comment.comment", "pk": 182, "fields": {"content_type": 8, "object_id": 139, "text": "<p>\u597d\u7d2f</p>", "comment_time": "2020-11-11T16:06:53.544Z", "user": 1, "root": null, "parent": null, "reply_to": null}}, {"model": "comment.comment", "pk": 183, "fields": {"content_type": 8, "object_id": 139, "text": "<p>\u4ec0\u4e48\u4e1c\u897f</p>", "comment_time": "2020-11-11T16:07:02.023Z", "user": 1, "root": 182, "parent": 182, "reply_to": 1}}, {"model": "comment.comment", "pk": 184, "fields": {"content_type": 8, "object_id": 139, "text": "<p>\u6ca1\u4ec0\u4e48</p>", "comment_time": "2020-11-11T16:07:07.809Z", "user": 1, "root": 182, "parent": 183, "reply_to": 1}}, {"model": "comment.comment", "pk": 185, "fields": {"content_type": 8, "object_id": 140, "text": "<p>23</p>", "comment_time": "2020-11-15T07:04:42.750Z", "user": 1, "root": null, "parent": null, "reply_to": null}}, {"model": "comment.comment", "pk": 186, "fields": {"content_type": 8, "object_id": 140, "text": "<p>2323</p>", "comment_time": "2020-11-15T07:09:27.348Z", "user": 1, "root": null, "parent": null, "reply_to": null}}, {"model": "comment.comment", "pk": 187, "fields": {"content_type": 8, "object_id": 140, "text": "<p>\u56de\u4e8b</p>", "comment_time": "2020-11-15T07:24:02.873Z", "user": 1, "root": null, "parent": null, "reply_to": null}}, {"model": "comment.comment", "pk": 188, "fields": {"content_type": 8, "object_id": 140, "text": "<p>\u53bb\u95ee\u6211\u53bb\u997f</p>", "comment_time": "2020-11-15T07:24:15.218Z", "user": 1, "root": null, "parent": null, "reply_to": null}}, {"model": "comment.comment", "pk": 189, "fields": {"content_type": 8, "object_id": 140, "text": "<p>23423</p>", "comment_time": "2020-11-15T07:28:30.158Z", "user": 1, "root": null, "parent": null, "reply_to": null}}, {"model": "comment.comment", "pk": 190, "fields": {"content_type": 8, "object_id": 140, "text": "<p>qwe</p>", "comment_time": "2020-11-15T07:44:43.031Z", "user": 1, "root": null, "parent": null, "reply_to": null}}, {"model": "comment.comment", "pk": 191, "fields": {"content_type": 8, "object_id": 140, "text": "<p>qw</p>", "comment_time": "2020-11-15T07:44:55.133Z", "user": 1, "root": 190, "parent": 190, "reply_to": 1}}, {"model": "comment.comment", "pk": 192, "fields": {"content_type": 8, "object_id": 140, "text": "<p>q</p>", "comment_time": "2020-11-15T07:44:58.717Z", "user": 1, "root": 190, "parent": 190, "reply_to": 1}}, {"model": "comment.comment", "pk": 193, "fields": {"content_type": 8, "object_id": 140, "text": "<p>EWQE</p>", "comment_time": "2020-11-15T07:54:39.003Z", "user": 1, "root": null, "parent": null, "reply_to": null}}, {"model": "likes.likerecord", "pk": 14, "fields": {"content_type": 8, "object_id": 144, "user": 1, "liked_time": "2020-11-16T15:25:22.353Z"}}, {"model": "likes.likerecord", "pk": 15, "fields": {"content_type": 8, "object_id": 140, "user": 1, "liked_time": "2020-11-17T13:37:52.513Z"}}, {"model": "likes.likerecord", "pk": 16, "fields": {"content_type": 8, "object_id": 143, "user": 1, "liked_time": "2020-11-17T13:38:05.642Z"}}, {"model": "likes.likerecord", "pk": 17, "fields": {"content_type": 8, "object_id": 139, "user": 1, "liked_time": "2020-11-17T13:38:46.982Z"}}, {"model": "admin.logentry", "pk": 1, "fields": {"action_time": "2020-10-31T09:34:48.248Z", "user": 1, "content_type": 7, "object_id": "1", "object_repr": "Article object (1)", "action_flag": 1, "change_message": "[{\"added\": {}}]"}}, {"model": "admin.logentry", "pk": 2, "fields": {"action_time": "2020-10-31T16:55:24.434Z", "user": 1, "content_type": 7, "object_id": "2", "object_repr": "Article object (2)", "action_flag": 1, "change_message": "[{\"added\": {}}]"}}, {"model": "admin.logentry", "pk": 3, "fields": {"action_time": "2020-10-31T16:55:35.943Z", "user": 1, "content_type": 7, "object_id": "3", "object_repr": "Article object (3)", "action_flag": 1, "change_message": "[{\"added\": {}}]"}}, {"model": "admin.logentry", "pk": 4, "fields": {"action_time": "2020-11-01T05:02:13.223Z", "user": 1, "content_type": 7, "object_id": "3", "object_repr": "<Artqicle: \u5434\u6da6\u54c8\u554a\u54c8\u54c8>", "action_flag": 2, "change_message": "[{\"changed\": {\"fields\": [\"content\"]}}]"}}, {"model": "admin.logentry", "pk": 5, "fields": {"action_time": "2020-11-01T05:03:05.343Z", "user": 1, "content_type": 7, "object_id": "2", "object_repr": "<Artqicle: 121212>", "action_flag": 2, "change_message": "[]"}}, {"model": "admin.logentry", "pk": 6, "fields": {"action_time": "2020-11-01T05:25:32.053Z", "user": 1, "content_type": 7, "object_id": "2", "object_repr": "<Artqicle: 121212>", "action_flag": 2, "change_message": "[{\"changed\": {\"fields\": [\"is_deleted\"]}}]"}}, {"model": "admin.logentry", "pk": 7, "fields": {"action_time": "2020-11-01T07:08:08.647Z", "user": 1, "content_type": 9, "object_id": "1", "object_repr": "BlogType object (1)", "action_flag": 1, "change_message": "[{\"added\": {}}]"}}, {"model": "admin.logentry", "pk": 8, "fields": {"action_time": "2020-11-01T07:08:17.033Z", "user": 1, "content_type": 9, "object_id": "2", "object_repr": "BlogType object (2)", "action_flag": 1, "change_message": "[{\"added\": {}}]"}}, {"model": "admin.logentry", "pk": 9, "fields": {"action_time": "2020-11-01T07:08:23.435Z", "user": 1, "content_type": 9, "object_id": "3", "object_repr": "BlogType object (3)", "action_flag": 1, "change_message": "[{\"added\": {}}]"}}, {"model": "admin.logentry", "pk": 10, "fields": {"action_time": "2020-11-01T07:09:57.894Z", "user": 1, "content_type": 8, "object_id": "1", "object_repr": "<Blog: \u7b2c\u4e00\u7bc7\u535a\u5ba2>", "action_flag": 1, "change_message": "[{\"added\": {}}]"}}, {"model": "admin.logentry", "pk": 11, "fields": {"action_time": "2020-11-01T07:55:19.935Z", "user": 1, "content_type": 8, "object_id": "2", "object_repr": "<Blog: \u4eca\u5929\u5929\u6c14\u771f\u597d222>", "action_flag": 1, "change_message": "[{\"added\": {}}]"}}, {"model": "admin.logentry", "pk": 12, "fields": {"action_time": "2020-11-01T08:00:54.007Z", "user": 1, "content_type": 8, "object_id": "2", "object_repr": "<Blog: \u4eca\u5929\u5929\u6c14\u771f\u597d222>", "action_flag": 3, "change_message": ""}}, {"model": "admin.logentry", "pk": 13, "fields": {"action_time": "2020-11-01T08:00:54.010Z", "user": 1, "content_type": 8, "object_id": "1", "object_repr": "<Blog: \u7b2c\u4e00\u7bc7\u535a\u5ba2>", "action_flag": 3, "change_message": ""}}, {"model": "admin.logentry", "pk": 14, "fields": {"action_time": "2020-11-01T08:04:08.050Z", "user": 1, "content_type": 8, "object_id": "3", "object_repr": "<Blog: \u957f\u5185\u5bb9\u535a\u5ba2>", "action_flag": 1, "change_message": "[{\"added\": {}}]"}}, {"model": "admin.logentry", "pk": 15, "fields": {"action_time": "2020-11-01T08:04:31.645Z", "user": 1, "content_type": 8, "object_id": "3", "object_repr": "<Blog: 1.\u957f\u5185\u5bb9\u535a\u5ba2>", "action_flag": 2, "change_message": "[{\"changed\": {\"fields\": [\"title\"]}}]"}}, {"model": "admin.logentry", "pk": 16, "fields": {"action_time": "2020-11-01T09:11:18.496Z", "user": 1, "content_type": 8, "object_id": "4", "object_repr": "<Blog: 2.\u563b\u563b\u563b>", "action_flag": 1, "change_message": "[{\"added\": {}}]"}}, {"model": "admin.logentry", "pk": 17, "fields": {"action_time": "2020-11-01T09:11:26.389Z", "user": 1, "content_type": 8, "object_id": "5", "object_repr": "<Blog: \u4eca\u5929\u5929\u6c14\u771f\u597d222>", "action_flag": 1, "change_message": "[{\"added\": {}}]"}}, {"model": "admin.logentry", "pk": 18, "fields": {"action_time": "2020-11-01T09:11:38.223Z", "user": 1, "content_type": 8, "object_id": "6", "object_repr": "<Blog: \u4eca\u5929\u5929\u6c14\u771f\u597d44444>", "action_flag": 1, "change_message": "[{\"added\": {}}]"}}, {"model": "admin.logentry", "pk": 19, "fields": {"action_time": "2020-11-01T09:11:44.671Z", "user": 1, "content_type": 8, "object_id": "7", "object_repr": "<Blog: \u6211>", "action_flag": 1, "change_message": "[{\"added\": {}}]"}}, {"model": "admin.logentry", "pk": 20, "fields": {"action_time": "2020-11-01T09:11:56.351Z", "user": 1, "content_type": 8, "object_id": "8", "object_repr": "<Blog: 12>", "action_flag": 1, "change_message": "[{\"added\": {}}]"}}, {"model": "admin.logentry", "pk": 21, "fields": {"action_time": "2020-11-01T09:12:06.218Z", "user": 1, "content_type": 8, "object_id": "9", "object_repr": "<Blog: \u6211\u597d\u7d2f>", "action_flag": 1, "change_message": "[{\"added\": {}}]"}}, {"model": "admin.logentry", "pk": 22, "fields": {"action_time": "2020-11-01T13:43:27.695Z", "user": 1, "content_type": 8, "object_id": "3", "object_repr": "<Blog: 1.\u957f\u5185\u5bb9\u535a\u5ba2>", "action_flag": 2, "change_message": "[{\"changed\": {\"fields\": [\"content\"]}}]"}}, {"model": "admin.logentry", "pk": 23, "fields": {"action_time": "2020-11-02T13:33:28.388Z", "user": 1, "content_type": 8, "object_id": "39", "object_repr": "<Blog: shell\u4e0b\u9762\u7b2c\u4e00\u7bc7>", "action_flag": 3, "change_message": ""}}, {"model": "admin.logentry", "pk": 24, "fields": {"action_time": "2020-11-02T13:33:28.401Z", "user": 1, "content_type": 8, "object_id": "38", "object_repr": "<Blog: shell\u4e0b\u9762\u7b2c\u4e00\u7bc7>", "action_flag": 3, "change_message": ""}}, {"model": "admin.logentry", "pk": 25, "fields": {"action_time": "2020-11-02T13:33:28.404Z", "user": 1, "content_type": 8, "object_id": "37", "object_repr": "<Blog: shell\u4e0b\u9762\u7b2c\u4e00\u7bc7>", "action_flag": 3, "change_message": ""}}, {"model": "admin.logentry", "pk": 26, "fields": {"action_time": "2020-11-02T13:33:28.407Z", "user": 1, "content_type": 8, "object_id": "36", "object_repr": "<Blog: shell\u4e0b\u9762\u7b2c\u4e00\u7bc7>", "action_flag": 3, "change_message": ""}}, {"model": "admin.logentry", "pk": 27, "fields": {"action_time": "2020-11-02T13:33:28.410Z", "user": 1, "content_type": 8, "object_id": "35", "object_repr": "<Blog: shell\u4e0b\u9762\u7b2c\u4e00\u7bc7>", "action_flag": 3, "change_message": ""}}, {"model": "admin.logentry", "pk": 28, "fields": {"action_time": "2020-11-02T13:33:28.413Z", "user": 1, "content_type": 8, "object_id": "34", "object_repr": "<Blog: shell\u4e0b\u9762\u7b2c\u4e00\u7bc7>", "action_flag": 3, "change_message": ""}}, {"model": "admin.logentry", "pk": 29, "fields": {"action_time": "2020-11-02T13:33:28.416Z", "user": 1, "content_type": 8, "object_id": "33", "object_repr": "<Blog: shell\u4e0b\u9762\u7b2c\u4e00\u7bc7>", "action_flag": 3, "change_message": ""}}, {"model": "admin.logentry", "pk": 30, "fields": {"action_time": "2020-11-02T13:33:28.419Z", "user": 1, "content_type": 8, "object_id": "32", "object_repr": "<Blog: shell\u4e0b\u9762\u7b2c\u4e00\u7bc7>", "action_flag": 3, "change_message": ""}}, {"model": "admin.logentry", "pk": 31, "fields": {"action_time": "2020-11-02T13:33:28.423Z", "user": 1, "content_type": 8, "object_id": "31", "object_repr": "<Blog: shell\u4e0b\u9762\u7b2c\u4e00\u7bc7>", "action_flag": 3, "change_message": ""}}, {"model": "admin.logentry", "pk": 32, "fields": {"action_time": "2020-11-02T13:33:28.425Z", "user": 1, "content_type": 8, "object_id": "30", "object_repr": "<Blog: shell\u4e0b\u9762\u7b2c\u4e00\u7bc7>", "action_flag": 3, "change_message": ""}}, {"model": "admin.logentry", "pk": 33, "fields": {"action_time": "2020-11-02T13:33:28.427Z", "user": 1, "content_type": 8, "object_id": "29", "object_repr": "<Blog: shell\u4e0b\u9762\u7b2c\u4e00\u7bc7>", "action_flag": 3, "change_message": ""}}, {"model": "admin.logentry", "pk": 34, "fields": {"action_time": "2020-11-02T13:33:28.430Z", "user": 1, "content_type": 8, "object_id": "28", "object_repr": "<Blog: shell\u4e0b\u9762\u7b2c\u4e00\u7bc7>", "action_flag": 3, "change_message": ""}}, {"model": "admin.logentry", "pk": 35, "fields": {"action_time": "2020-11-02T13:33:28.432Z", "user": 1, "content_type": 8, "object_id": "27", "object_repr": "<Blog: shell\u4e0b\u9762\u7b2c\u4e00\u7bc7>", "action_flag": 3, "change_message": ""}}, {"model": "admin.logentry", "pk": 36, "fields": {"action_time": "2020-11-02T13:33:28.434Z", "user": 1, "content_type": 8, "object_id": "26", "object_repr": "<Blog: shell\u4e0b\u9762\u7b2c\u4e00\u7bc7>", "action_flag": 3, "change_message": ""}}, {"model": "admin.logentry", "pk": 37, "fields": {"action_time": "2020-11-02T13:33:28.437Z", "user": 1, "content_type": 8, "object_id": "25", "object_repr": "<Blog: shell\u4e0b\u9762\u7b2c\u4e00\u7bc7>", "action_flag": 3, "change_message": ""}}, {"model": "admin.logentry", "pk": 38, "fields": {"action_time": "2020-11-02T13:33:28.439Z", "user": 1, "content_type": 8, "object_id": "24", "object_repr": "<Blog: shell\u4e0b\u9762\u7b2c\u4e00\u7bc7>", "action_flag": 3, "change_message": ""}}, {"model": "admin.logentry", "pk": 39, "fields": {"action_time": "2020-11-02T13:33:28.442Z", "user": 1, "content_type": 8, "object_id": "23", "object_repr": "<Blog: shell\u4e0b\u9762\u7b2c\u4e00\u7bc7>", "action_flag": 3, "change_message": ""}}, {"model": "admin.logentry", "pk": 40, "fields": {"action_time": "2020-11-02T13:33:28.444Z", "user": 1, "content_type": 8, "object_id": "22", "object_repr": "<Blog: shell\u4e0b\u9762\u7b2c\u4e00\u7bc7>", "action_flag": 3, "change_message": ""}}, {"model": "admin.logentry", "pk": 41, "fields": {"action_time": "2020-11-02T13:33:28.446Z", "user": 1, "content_type": 8, "object_id": "21", "object_repr": "<Blog: shell\u4e0b\u9762\u7b2c\u4e00\u7bc7>", "action_flag": 3, "change_message": ""}}, {"model": "admin.logentry", "pk": 42, "fields": {"action_time": "2020-11-02T13:33:28.449Z", "user": 1, "content_type": 8, "object_id": "20", "object_repr": "<Blog: shell\u4e0b\u9762\u7b2c\u4e00\u7bc7>", "action_flag": 3, "change_message": ""}}, {"model": "admin.logentry", "pk": 43, "fields": {"action_time": "2020-11-02T13:33:28.451Z", "user": 1, "content_type": 8, "object_id": "19", "object_repr": "<Blog: shell\u4e0b\u9762\u7b2c\u4e00\u7bc7>", "action_flag": 3, "change_message": ""}}, {"model": "admin.logentry", "pk": 44, "fields": {"action_time": "2020-11-02T13:33:28.453Z", "user": 1, "content_type": 8, "object_id": "18", "object_repr": "<Blog: shell\u4e0b\u9762\u7b2c\u4e00\u7bc7>", "action_flag": 3, "change_message": ""}}, {"model": "admin.logentry", "pk": 45, "fields": {"action_time": "2020-11-02T13:33:28.456Z", "user": 1, "content_type": 8, "object_id": "17", "object_repr": "<Blog: shell\u4e0b\u9762\u7b2c\u4e00\u7bc7>", "action_flag": 3, "change_message": ""}}, {"model": "admin.logentry", "pk": 46, "fields": {"action_time": "2020-11-02T13:33:28.459Z", "user": 1, "content_type": 8, "object_id": "16", "object_repr": "<Blog: shell\u4e0b\u9762\u7b2c\u4e00\u7bc7>", "action_flag": 3, "change_message": ""}}, {"model": "admin.logentry", "pk": 47, "fields": {"action_time": "2020-11-02T13:33:28.461Z", "user": 1, "content_type": 8, "object_id": "15", "object_repr": "<Blog: shell\u4e0b\u9762\u7b2c\u4e00\u7bc7>", "action_flag": 3, "change_message": ""}}, {"model": "admin.logentry", "pk": 48, "fields": {"action_time": "2020-11-02T13:33:28.464Z", "user": 1, "content_type": 8, "object_id": "14", "object_repr": "<Blog: shell\u4e0b\u9762\u7b2c\u4e00\u7bc7>", "action_flag": 3, "change_message": ""}}, {"model": "admin.logentry", "pk": 49, "fields": {"action_time": "2020-11-02T13:33:28.467Z", "user": 1, "content_type": 8, "object_id": "13", "object_repr": "<Blog: shell\u4e0b\u9762\u7b2c\u4e00\u7bc7>", "action_flag": 3, "change_message": ""}}, {"model": "admin.logentry", "pk": 50, "fields": {"action_time": "2020-11-02T13:33:28.469Z", "user": 1, "content_type": 8, "object_id": "12", "object_repr": "<Blog: shell\u4e0b\u9762\u7b2c\u4e00\u7bc7>", "action_flag": 3, "change_message": ""}}, {"model": "admin.logentry", "pk": 51, "fields": {"action_time": "2020-11-02T13:33:28.472Z", "user": 1, "content_type": 8, "object_id": "11", "object_repr": "<Blog: shell\u4e0b\u9762\u7b2c\u4e00\u7bc7>", "action_flag": 3, "change_message": ""}}, {"model": "admin.logentry", "pk": 52, "fields": {"action_time": "2020-11-02T13:33:28.474Z", "user": 1, "content_type": 8, "object_id": "10", "object_repr": "<Blog: shell\u4e0b\u9762\u7b2c\u4e00\u7bc7>", "action_flag": 3, "change_message": ""}}, {"model": "admin.logentry", "pk": 53, "fields": {"action_time": "2020-11-05T09:09:36.813Z", "user": 1, "content_type": 9, "object_id": "4", "object_repr": "Django\u8f66\u8f6e\u5b50", "action_flag": 1, "change_message": "[{\"added\": {}}]"}}, {"model": "admin.logentry", "pk": 54, "fields": {"action_time": "2020-11-05T09:11:48.148Z", "user": 1, "content_type": 8, "object_id": "139", "object_repr": "<Blog: Djngo\u5b9e\u73b0Markdown>", "action_flag": 1, "change_message": "[{\"added\": {}}]"}}, {"model": "admin.logentry", "pk": 55, "fields": {"action_time": "2020-11-05T09:13:29.982Z", "user": 1, "content_type": 8, "object_id": "139", "object_repr": "<Blog: Djngo\u5b9e\u73b0Markdown>", "action_flag": 2, "change_message": "[{\"changed\": {\"fields\": [\"content\"]}}]"}}, {"model": "admin.logentry", "pk": 56, "fields": {"action_time": "2020-11-05T09:15:35.067Z", "user": 1, "content_type": 8, "object_id": "139", "object_repr": "<Blog: Djngo\u5b9e\u73b0Markdown>", "action_flag": 2, "change_message": "[{\"changed\": {\"fields\": [\"content\"]}}]"}}, {"model": "admin.logentry", "pk": 57, "fields": {"action_time": "2020-11-05T12:35:44.215Z", "user": 1, "content_type": 9, "object_id": "4", "object_repr": "Dj\u8f66\u8f6e\u5b50", "action_flag": 2, "change_message": "[{\"changed\": {\"fields\": [\"type_name\"]}}]"}}, {"model": "admin.logentry", "pk": 58, "fields": {"action_time": "2020-11-05T12:35:54.022Z", "user": 1, "content_type": 9, "object_id": "1", "object_repr": "Django", "action_flag": 2, "change_message": "[{\"changed\": {\"fields\": [\"type_name\"]}}]"}}, {"model": "admin.logentry", "pk": 59, "fields": {"action_time": "2020-11-05T14:25:34.002Z", "user": 1, "content_type": 8, "object_id": "140", "object_repr": "<Blog: \u6d4b\u8bd5\u6d4b\u8bd5>", "action_flag": 1, "change_message": "[{\"added\": {}}]"}}, {"model": "admin.logentry", "pk": 60, "fields": {"action_time": "2020-11-05T14:31:45.693Z", "user": 1, "content_type": 8, "object_id": "141", "object_repr": "<Blog: \u6d4b\u8bd5>", "action_flag": 1, "change_message": "[{\"added\": {}}]"}}, {"model": "admin.logentry", "pk": 61, "fields": {"action_time": "2020-11-05T15:16:57.784Z", "user": 1, "content_type": 8, "object_id": "141", "object_repr": "<Blog: \u6d4b\u8bd5>", "action_flag": 2, "change_message": "[{\"changed\": {\"fields\": [\"content\"]}}]"}}, {"model": "admin.logentry", "pk": 62, "fields": {"action_time": "2020-11-06T01:13:19.086Z", "user": 1, "content_type": 8, "object_id": "136", "object_repr": "<Blog: \u5faa\u73af\u4e0b\u9762\u7b2c36\u7bc7>", "action_flag": 3, "change_message": ""}}, {"model": "admin.logentry", "pk": 63, "fields": {"action_time": "2020-11-06T01:13:19.090Z", "user": 1, "content_type": 8, "object_id": "135", "object_repr": "<Blog: \u5faa\u73af\u4e0b\u9762\u7b2c35\u7bc7>", "action_flag": 3, "change_message": ""}}, {"model": "admin.logentry", "pk": 64, "fields": {"action_time": "2020-11-06T01:13:19.094Z", "user": 1, "content_type": 8, "object_id": "134", "object_repr": "<Blog: \u5faa\u73af\u4e0b\u9762\u7b2c34\u7bc7>", "action_flag": 3, "change_message": ""}}, {"model": "admin.logentry", "pk": 65, "fields": {"action_time": "2020-11-06T01:13:19.098Z", "user": 1, "content_type": 8, "object_id": "133", "object_repr": "<Blog: \u5faa\u73af\u4e0b\u9762\u7b2c33\u7bc7>", "action_flag": 3, "change_message": ""}}, {"model": "admin.logentry", "pk": 66, "fields": {"action_time": "2020-11-06T01:13:19.101Z", "user": 1, "content_type": 8, "object_id": "132", "object_repr": "<Blog: \u5faa\u73af\u4e0b\u9762\u7b2c99\u7bc7>", "action_flag": 3, "change_message": ""}}, {"model": "admin.logentry", "pk": 67, "fields": {"action_time": "2020-11-06T01:13:19.105Z", "user": 1, "content_type": 8, "object_id": "131", "object_repr": "<Blog: \u5faa\u73af\u4e0b\u9762\u7b2c31\u7bc7>", "action_flag": 3, "change_message": ""}}, {"model": "admin.logentry", "pk": 68, "fields": {"action_time": "2020-11-06T01:13:19.108Z", "user": 1, "content_type": 8, "object_id": "130", "object_repr": "<Blog: \u5faa\u73af\u4e0b\u9762\u7b2c61\u7bc7>", "action_flag": 3, "change_message": ""}}, {"model": "admin.logentry", "pk": 69, "fields": {"action_time": "2020-11-06T01:13:19.112Z", "user": 1, "content_type": 8, "object_id": "129", "object_repr": "<Blog: \u5faa\u73af\u4e0b\u9762\u7b2c60\u7bc7>", "action_flag": 3, "change_message": ""}}, {"model": "admin.logentry", "pk": 70, "fields": {"action_time": "2020-11-06T01:13:19.115Z", "user": 1, "content_type": 8, "object_id": "128", "object_repr": "<Blog: \u5faa\u73af\u4e0b\u9762\u7b2c59\u7bc7>", "action_flag": 3, "change_message": ""}}, {"model": "admin.logentry", "pk": 71, "fields": {"action_time": "2020-11-06T01:13:19.118Z", "user": 1, "content_type": 8, "object_id": "127", "object_repr": "<Blog: \u5faa\u73af\u4e0b\u9762\u7b2c58\u7bc7>", "action_flag": 3, "change_message": ""}}, {"model": "admin.logentry", "pk": 72, "fields": {"action_time": "2020-11-06T01:13:19.121Z", "user": 1, "content_type": 8, "object_id": "126", "object_repr": "<Blog: \u5faa\u73af\u4e0b\u9762\u7b2c57\u7bc7>", "action_flag": 3, "change_message": ""}}, {"model": "admin.logentry", "pk": 73, "fields": {"action_time": "2020-11-06T01:13:19.125Z", "user": 1, "content_type": 8, "object_id": "125", "object_repr": "<Blog: \u5faa\u73af\u4e0b\u9762\u7b2c56\u7bc7>", "action_flag": 3, "change_message": ""}}, {"model": "admin.logentry", "pk": 74, "fields": {"action_time": "2020-11-06T01:13:19.129Z", "user": 1, "content_type": 8, "object_id": "124", "object_repr": "<Blog: \u5faa\u73af\u4e0b\u9762\u7b2c55\u7bc7>", "action_flag": 3, "change_message": ""}}, {"model": "admin.logentry", "pk": 75, "fields": {"action_time": "2020-11-06T01:13:19.132Z", "user": 1, "content_type": 8, "object_id": "123", "object_repr": "<Blog: \u5faa\u73af\u4e0b\u9762\u7b2c54\u7bc7>", "action_flag": 3, "change_message": ""}}, {"model": "admin.logentry", "pk": 76, "fields": {"action_time": "2020-11-06T01:13:19.136Z", "user": 1, "content_type": 8, "object_id": "122", "object_repr": "<Blog: \u5faa\u73af\u4e0b\u9762\u7b2c53\u7bc7>", "action_flag": 3, "change_message": ""}}, {"model": "admin.logentry", "pk": 77, "fields": {"action_time": "2020-11-06T01:13:19.139Z", "user": 1, "content_type": 8, "object_id": "121", "object_repr": "<Blog: \u5faa\u73af\u4e0b\u9762\u7b2c52\u7bc7>", "action_flag": 3, "change_message": ""}}, {"model": "admin.logentry", "pk": 78, "fields": {"action_time": "2020-11-06T01:13:19.143Z", "user": 1, "content_type": 8, "object_id": "120", "object_repr": "<Blog: \u5faa\u73af\u4e0b\u9762\u7b2c51\u7bc7>", "action_flag": 3, "change_message": ""}}, {"model": "admin.logentry", "pk": 79, "fields": {"action_time": "2020-11-06T01:13:19.147Z", "user": 1, "content_type": 8, "object_id": "119", "object_repr": "<Blog: \u5faa\u73af\u4e0b\u9762\u7b2c50\u7bc7>", "action_flag": 3, "change_message": ""}}, {"model": "admin.logentry", "pk": 80, "fields": {"action_time": "2020-11-06T01:13:19.150Z", "user": 1, "content_type": 8, "object_id": "118", "object_repr": "<Blog: \u5faa\u73af\u4e0b\u9762\u7b2c49\u7bc7>", "action_flag": 3, "change_message": ""}}, {"model": "admin.logentry", "pk": 81, "fields": {"action_time": "2020-11-06T01:13:19.153Z", "user": 1, "content_type": 8, "object_id": "117", "object_repr": "<Blog: \u5faa\u73af\u4e0b\u9762\u7b2c48\u7bc7>", "action_flag": 3, "change_message": ""}}, {"model": "admin.logentry", "pk": 82, "fields": {"action_time": "2020-11-06T01:13:19.157Z", "user": 1, "content_type": 8, "object_id": "116", "object_repr": "<Blog: \u5faa\u73af\u4e0b\u9762\u7b2c47\u7bc7>", "action_flag": 3, "change_message": ""}}, {"model": "admin.logentry", "pk": 83, "fields": {"action_time": "2020-11-06T01:13:19.161Z", "user": 1, "content_type": 8, "object_id": "115", "object_repr": "<Blog: \u5faa\u73af\u4e0b\u9762\u7b2c46\u7bc7>", "action_flag": 3, "change_message": ""}}, {"model": "admin.logentry", "pk": 84, "fields": {"action_time": "2020-11-06T01:13:19.164Z", "user": 1, "content_type": 8, "object_id": "114", "object_repr": "<Blog: \u5faa\u73af\u4e0b\u9762\u7b2c45\u7bc7>", "action_flag": 3, "change_message": ""}}, {"model": "admin.logentry", "pk": 85, "fields": {"action_time": "2020-11-06T01:13:19.167Z", "user": 1, "content_type": 8, "object_id": "113", "object_repr": "<Blog: \u5faa\u73af\u4e0b\u9762\u7b2c44\u7bc7>", "action_flag": 3, "change_message": ""}}, {"model": "admin.logentry", "pk": 86, "fields": {"action_time": "2020-11-06T01:13:19.171Z", "user": 1, "content_type": 8, "object_id": "112", "object_repr": "<Blog: \u5faa\u73af\u4e0b\u9762\u7b2c43\u7bc7>", "action_flag": 3, "change_message": ""}}, {"model": "admin.logentry", "pk": 87, "fields": {"action_time": "2020-11-06T01:13:19.174Z", "user": 1, "content_type": 8, "object_id": "111", "object_repr": "<Blog: \u5faa\u73af\u4e0b\u9762\u7b2c42\u7bc7>", "action_flag": 3, "change_message": ""}}, {"model": "admin.logentry", "pk": 88, "fields": {"action_time": "2020-11-06T01:13:19.178Z", "user": 1, "content_type": 8, "object_id": "110", "object_repr": "<Blog: \u5faa\u73af\u4e0b\u9762\u7b2c41\u7bc7>", "action_flag": 3, "change_message": ""}}, {"model": "admin.logentry", "pk": 89, "fields": {"action_time": "2020-11-06T01:13:19.181Z", "user": 1, "content_type": 8, "object_id": "109", "object_repr": "<Blog: \u5faa\u73af\u4e0b\u9762\u7b2c40\u7bc7>", "action_flag": 3, "change_message": ""}}, {"model": "admin.logentry", "pk": 90, "fields": {"action_time": "2020-11-06T01:13:19.185Z", "user": 1, "content_type": 8, "object_id": "108", "object_repr": "<Blog: \u5faa\u73af\u4e0b\u9762\u7b2c39\u7bc7>", "action_flag": 3, "change_message": ""}}, {"model": "admin.logentry", "pk": 91, "fields": {"action_time": "2020-11-06T01:13:19.189Z", "user": 1, "content_type": 8, "object_id": "107", "object_repr": "<Blog: \u5faa\u73af\u4e0b\u9762\u7b2c38\u7bc7>", "action_flag": 3, "change_message": ""}}, {"model": "admin.logentry", "pk": 92, "fields": {"action_time": "2020-11-06T01:13:19.192Z", "user": 1, "content_type": 8, "object_id": "106", "object_repr": "<Blog: \u5faa\u73af\u4e0b\u9762\u7b2c37\u7bc7>", "action_flag": 3, "change_message": ""}}, {"model": "admin.logentry", "pk": 93, "fields": {"action_time": "2020-11-06T01:13:19.196Z", "user": 1, "content_type": 8, "object_id": "105", "object_repr": "<Blog: \u5faa\u73af\u4e0b\u9762\u7b2c36\u7bc7>", "action_flag": 3, "change_message": ""}}, {"model": "admin.logentry", "pk": 94, "fields": {"action_time": "2020-11-06T01:13:19.199Z", "user": 1, "content_type": 8, "object_id": "104", "object_repr": "<Blog: \u5faa\u73af\u4e0b\u9762\u7b2c35\u7bc7>", "action_flag": 3, "change_message": ""}}, {"model": "admin.logentry", "pk": 95, "fields": {"action_time": "2020-11-06T01:13:19.203Z", "user": 1, "content_type": 8, "object_id": "103", "object_repr": "<Blog: \u5faa\u73af\u4e0b\u9762\u7b2c34\u7bc7>", "action_flag": 3, "change_message": ""}}, {"model": "admin.logentry", "pk": 96, "fields": {"action_time": "2020-11-06T01:13:19.206Z", "user": 1, "content_type": 8, "object_id": "102", "object_repr": "<Blog: \u5faa\u73af\u4e0b\u9762\u7b2c33\u7bc7>", "action_flag": 3, "change_message": ""}}, {"model": "admin.logentry", "pk": 97, "fields": {"action_time": "2020-11-06T01:13:19.210Z", "user": 1, "content_type": 8, "object_id": "101", "object_repr": "<Blog: \u5faa\u73af\u4e0b\u9762\u7b2c32\u7bc7>", "action_flag": 3, "change_message": ""}}, {"model": "admin.logentry", "pk": 98, "fields": {"action_time": "2020-11-06T01:13:19.213Z", "user": 1, "content_type": 8, "object_id": "100", "object_repr": "<Blog: \u5faa\u73af\u4e0b\u9762\u7b2c31\u7bc7>", "action_flag": 3, "change_message": ""}}, {"model": "admin.logentry", "pk": 99, "fields": {"action_time": "2020-11-06T01:13:19.216Z", "user": 1, "content_type": 8, "object_id": "99", "object_repr": "<Blog: \u5faa\u73af\u4e0b\u9762\u7b2c30\u7bc7>", "action_flag": 3, "change_message": ""}}, {"model": "admin.logentry", "pk": 100, "fields": {"action_time": "2020-11-06T01:13:19.220Z", "user": 1, "content_type": 8, "object_id": "98", "object_repr": "<Blog: \u5faa\u73af\u4e0b\u9762\u7b2c29\u7bc7>", "action_flag": 3, "change_message": ""}}, {"model": "admin.logentry", "pk": 101, "fields": {"action_time": "2020-11-06T01:13:19.224Z", "user": 1, "content_type": 8, "object_id": "97", "object_repr": "<Blog: \u5faa\u73af\u4e0b\u9762\u7b2c28\u7bc7>", "action_flag": 3, "change_message": ""}}, {"model": "admin.logentry", "pk": 102, "fields": {"action_time": "2020-11-06T01:13:19.227Z", "user": 1, "content_type": 8, "object_id": "96", "object_repr": "<Blog: \u5faa\u73af\u4e0b\u9762\u7b2c27\u7bc7>", "action_flag": 3, "change_message": ""}}, {"model": "admin.logentry", "pk": 103, "fields": {"action_time": "2020-11-06T01:13:19.231Z", "user": 1, "content_type": 8, "object_id": "95", "object_repr": "<Blog: \u5faa\u73af\u4e0b\u9762\u7b2c26\u7bc7>", "action_flag": 3, "change_message": ""}}, {"model": "admin.logentry", "pk": 104, "fields": {"action_time": "2020-11-06T01:13:19.234Z", "user": 1, "content_type": 8, "object_id": "94", "object_repr": "<Blog: \u5faa\u73af\u4e0b\u9762\u7b2c25\u7bc7>", "action_flag": 3, "change_message": ""}}, {"model": "admin.logentry", "pk": 105, "fields": {"action_time": "2020-11-06T01:13:19.238Z", "user": 1, "content_type": 8, "object_id": "93", "object_repr": "<Blog: \u5faa\u73af\u4e0b\u9762\u7b2c24\u7bc7>", "action_flag": 3, "change_message": ""}}, {"model": "admin.logentry", "pk": 106, "fields": {"action_time": "2020-11-06T01:13:19.242Z", "user": 1, "content_type": 8, "object_id": "92", "object_repr": "<Blog: \u5faa\u73af\u4e0b\u9762\u7b2c23\u7bc7>", "action_flag": 3, "change_message": ""}}, {"model": "admin.logentry", "pk": 107, "fields": {"action_time": "2020-11-06T01:13:19.245Z", "user": 1, "content_type": 8, "object_id": "91", "object_repr": "<Blog: \u5faa\u73af\u4e0b\u9762\u7b2c22\u7bc7>", "action_flag": 3, "change_message": ""}}, {"model": "admin.logentry", "pk": 108, "fields": {"action_time": "2020-11-06T01:13:19.249Z", "user": 1, "content_type": 8, "object_id": "90", "object_repr": "<Blog: \u5faa\u73af\u4e0b\u9762\u7b2c21\u7bc7>", "action_flag": 3, "change_message": ""}}, {"model": "admin.logentry", "pk": 109, "fields": {"action_time": "2020-11-06T01:13:19.253Z", "user": 1, "content_type": 8, "object_id": "89", "object_repr": "<Blog: \u5faa\u73af\u4e0b\u9762\u7b2c20\u7bc7>", "action_flag": 3, "change_message": ""}}, {"model": "admin.logentry", "pk": 110, "fields": {"action_time": "2020-11-06T01:13:19.256Z", "user": 1, "content_type": 8, "object_id": "88", "object_repr": "<Blog: \u5faa\u73af\u4e0b\u9762\u7b2c19\u7bc7>", "action_flag": 3, "change_message": ""}}, {"model": "admin.logentry", "pk": 111, "fields": {"action_time": "2020-11-06T01:13:19.260Z", "user": 1, "content_type": 8, "object_id": "87", "object_repr": "<Blog: \u5faa\u73af\u4e0b\u9762\u7b2c18\u7bc7>", "action_flag": 3, "change_message": ""}}, {"model": "admin.logentry", "pk": 112, "fields": {"action_time": "2020-11-06T01:13:19.263Z", "user": 1, "content_type": 8, "object_id": "86", "object_repr": "<Blog: \u5faa\u73af\u4e0b\u9762\u7b2c17\u7bc7>", "action_flag": 3, "change_message": ""}}, {"model": "admin.logentry", "pk": 113, "fields": {"action_time": "2020-11-06T01:13:19.266Z", "user": 1, "content_type": 8, "object_id": "85", "object_repr": "<Blog: \u5faa\u73af\u4e0b\u9762\u7b2c16\u7bc7>", "action_flag": 3, "change_message": ""}}, {"model": "admin.logentry", "pk": 114, "fields": {"action_time": "2020-11-06T01:13:19.270Z", "user": 1, "content_type": 8, "object_id": "84", "object_repr": "<Blog: \u5faa\u73af\u4e0b\u9762\u7b2c15\u7bc7>", "action_flag": 3, "change_message": ""}}, {"model": "admin.logentry", "pk": 115, "fields": {"action_time": "2020-11-06T01:13:19.273Z", "user": 1, "content_type": 8, "object_id": "83", "object_repr": "<Blog: \u5faa\u73af\u4e0b\u9762\u7b2c14\u7bc7>", "action_flag": 3, "change_message": ""}}, {"model": "admin.logentry", "pk": 116, "fields": {"action_time": "2020-11-06T01:13:19.276Z", "user": 1, "content_type": 8, "object_id": "82", "object_repr": "<Blog: \u5faa\u73af\u4e0b\u9762\u7b2c13\u7bc7>", "action_flag": 3, "change_message": ""}}, {"model": "admin.logentry", "pk": 117, "fields": {"action_time": "2020-11-06T01:13:19.280Z", "user": 1, "content_type": 8, "object_id": "81", "object_repr": "<Blog: \u5faa\u73af\u4e0b\u9762\u7b2c12\u7bc7>", "action_flag": 3, "change_message": ""}}, {"model": "admin.logentry", "pk": 118, "fields": {"action_time": "2020-11-06T01:13:19.283Z", "user": 1, "content_type": 8, "object_id": "80", "object_repr": "<Blog: \u5faa\u73af\u4e0b\u9762\u7b2c11\u7bc7>", "action_flag": 3, "change_message": ""}}, {"model": "admin.logentry", "pk": 119, "fields": {"action_time": "2020-11-06T01:13:19.287Z", "user": 1, "content_type": 8, "object_id": "79", "object_repr": "<Blog: \u5faa\u73af\u4e0b\u9762\u7b2c10\u7bc7>", "action_flag": 3, "change_message": ""}}, {"model": "admin.logentry", "pk": 120, "fields": {"action_time": "2020-11-06T01:13:19.290Z", "user": 1, "content_type": 8, "object_id": "78", "object_repr": "<Blog: \u5faa\u73af\u4e0b\u9762\u7b2c9\u7bc7>", "action_flag": 3, "change_message": ""}}, {"model": "admin.logentry", "pk": 121, "fields": {"action_time": "2020-11-06T01:13:19.298Z", "user": 1, "content_type": 8, "object_id": "77", "object_repr": "<Blog: \u5faa\u73af\u4e0b\u9762\u7b2c8\u7bc7>", "action_flag": 3, "change_message": ""}}, {"model": "admin.logentry", "pk": 122, "fields": {"action_time": "2020-11-06T01:13:19.302Z", "user": 1, "content_type": 8, "object_id": "76", "object_repr": "<Blog: \u5faa\u73af\u4e0b\u9762\u7b2c7\u7bc7>", "action_flag": 3, "change_message": ""}}, {"model": "admin.logentry", "pk": 123, "fields": {"action_time": "2020-11-06T01:13:19.305Z", "user": 1, "content_type": 8, "object_id": "75", "object_repr": "<Blog: \u5faa\u73af\u4e0b\u9762\u7b2c6\u7bc7>", "action_flag": 3, "change_message": ""}}, {"model": "admin.logentry", "pk": 124, "fields": {"action_time": "2020-11-06T01:13:19.308Z", "user": 1, "content_type": 8, "object_id": "74", "object_repr": "<Blog: \u5faa\u73af\u4e0b\u9762\u7b2c5\u7bc7>", "action_flag": 3, "change_message": ""}}, {"model": "admin.logentry", "pk": 125, "fields": {"action_time": "2020-11-06T01:13:19.312Z", "user": 1, "content_type": 8, "object_id": "73", "object_repr": "<Blog: \u5faa\u73af\u4e0b\u9762\u7b2c4\u7bc7>", "action_flag": 3, "change_message": ""}}, {"model": "admin.logentry", "pk": 126, "fields": {"action_time": "2020-11-06T01:13:19.315Z", "user": 1, "content_type": 8, "object_id": "72", "object_repr": "<Blog: \u5faa\u73af\u4e0b\u9762\u7b2c3\u7bc7>", "action_flag": 3, "change_message": ""}}, {"model": "admin.logentry", "pk": 127, "fields": {"action_time": "2020-11-06T01:13:19.319Z", "user": 1, "content_type": 8, "object_id": "71", "object_repr": "<Blog: \u5faa\u73af\u4e0b\u9762\u7b2c2\u7bc7>", "action_flag": 3, "change_message": ""}}, {"model": "admin.logentry", "pk": 128, "fields": {"action_time": "2020-11-06T01:13:19.322Z", "user": 1, "content_type": 8, "object_id": "70", "object_repr": "<Blog: \u5faa\u73af\u4e0b\u9762\u7b2c1\u7bc7>", "action_flag": 3, "change_message": ""}}, {"model": "admin.logentry", "pk": 129, "fields": {"action_time": "2020-11-06T01:13:19.326Z", "user": 1, "content_type": 8, "object_id": "69", "object_repr": "<Blog: \u5faa\u73af\u4e0b\u9762\u7b2c30\u7bc7>", "action_flag": 3, "change_message": ""}}, {"model": "admin.logentry", "pk": 130, "fields": {"action_time": "2020-11-06T01:13:19.329Z", "user": 1, "content_type": 8, "object_id": "68", "object_repr": "<Blog: \u5faa\u73af\u4e0b\u9762\u7b2c29\u7bc7>", "action_flag": 3, "change_message": ""}}, {"model": "admin.logentry", "pk": 131, "fields": {"action_time": "2020-11-06T01:13:19.333Z", "user": 1, "content_type": 8, "object_id": "67", "object_repr": "<Blog: \u5faa\u73af\u4e0b\u9762\u7b2c28\u7bc7>", "action_flag": 3, "change_message": ""}}, {"model": "admin.logentry", "pk": 132, "fields": {"action_time": "2020-11-06T01:13:19.337Z", "user": 1, "content_type": 8, "object_id": "66", "object_repr": "<Blog: \u5faa\u73af\u4e0b\u9762\u7b2c27\u7bc7>", "action_flag": 3, "change_message": ""}}, {"model": "admin.logentry", "pk": 133, "fields": {"action_time": "2020-11-06T01:13:19.340Z", "user": 1, "content_type": 8, "object_id": "65", "object_repr": "<Blog: \u5faa\u73af\u4e0b\u9762\u7b2c26\u7bc7>", "action_flag": 3, "change_message": ""}}, {"model": "admin.logentry", "pk": 134, "fields": {"action_time": "2020-11-06T01:13:19.344Z", "user": 1, "content_type": 8, "object_id": "64", "object_repr": "<Blog: \u5faa\u73af\u4e0b\u9762\u7b2c25\u7bc7>", "action_flag": 3, "change_message": ""}}, {"model": "admin.logentry", "pk": 135, "fields": {"action_time": "2020-11-06T01:13:19.347Z", "user": 1, "content_type": 8, "object_id": "63", "object_repr": "<Blog: \u5faa\u73af\u4e0b\u9762\u7b2c24\u7bc7>", "action_flag": 3, "change_message": ""}}, {"model": "admin.logentry", "pk": 136, "fields": {"action_time": "2020-11-06T01:13:19.351Z", "user": 1, "content_type": 8, "object_id": "62", "object_repr": "<Blog: \u5faa\u73af\u4e0b\u9762\u7b2c23\u7bc7>", "action_flag": 3, "change_message": ""}}, {"model": "admin.logentry", "pk": 137, "fields": {"action_time": "2020-11-06T01:13:19.354Z", "user": 1, "content_type": 8, "object_id": "61", "object_repr": "<Blog: \u5faa\u73af\u4e0b\u9762\u7b2c22\u7bc7>", "action_flag": 3, "change_message": ""}}, {"model": "admin.logentry", "pk": 138, "fields": {"action_time": "2020-11-06T01:13:19.358Z", "user": 1, "content_type": 8, "object_id": "60", "object_repr": "<Blog: \u5faa\u73af\u4e0b\u9762\u7b2c21\u7bc7>", "action_flag": 3, "change_message": ""}}, {"model": "admin.logentry", "pk": 139, "fields": {"action_time": "2020-11-06T01:13:19.362Z", "user": 1, "content_type": 8, "object_id": "59", "object_repr": "<Blog: \u5faa\u73af\u4e0b\u9762\u7b2c20\u7bc7>", "action_flag": 3, "change_message": ""}}, {"model": "admin.logentry", "pk": 140, "fields": {"action_time": "2020-11-06T01:13:19.365Z", "user": 1, "content_type": 8, "object_id": "58", "object_repr": "<Blog: \u5faa\u73af\u4e0b\u9762\u7b2c19\u7bc7>", "action_flag": 3, "change_message": ""}}, {"model": "admin.logentry", "pk": 141, "fields": {"action_time": "2020-11-06T01:13:19.369Z", "user": 1, "content_type": 8, "object_id": "57", "object_repr": "<Blog: \u5faa\u73af\u4e0b\u9762\u7b2c18\u7bc7>", "action_flag": 3, "change_message": ""}}, {"model": "admin.logentry", "pk": 142, "fields": {"action_time": "2020-11-06T01:13:19.372Z", "user": 1, "content_type": 8, "object_id": "56", "object_repr": "<Blog: \u5faa\u73af\u4e0b\u9762\u7b2c17\u7bc7>", "action_flag": 3, "change_message": ""}}, {"model": "admin.logentry", "pk": 143, "fields": {"action_time": "2020-11-06T01:13:19.376Z", "user": 1, "content_type": 8, "object_id": "55", "object_repr": "<Blog: \u5faa\u73af\u4e0b\u9762\u7b2c16\u7bc7>", "action_flag": 3, "change_message": ""}}, {"model": "admin.logentry", "pk": 144, "fields": {"action_time": "2020-11-06T01:13:19.380Z", "user": 1, "content_type": 8, "object_id": "54", "object_repr": "<Blog: \u5faa\u73af\u4e0b\u9762\u7b2c15\u7bc7>", "action_flag": 3, "change_message": ""}}, {"model": "admin.logentry", "pk": 145, "fields": {"action_time": "2020-11-06T01:13:19.383Z", "user": 1, "content_type": 8, "object_id": "53", "object_repr": "<Blog: \u5faa\u73af\u4e0b\u9762\u7b2c14\u7bc7>", "action_flag": 3, "change_message": ""}}, {"model": "admin.logentry", "pk": 146, "fields": {"action_time": "2020-11-06T01:13:19.387Z", "user": 1, "content_type": 8, "object_id": "52", "object_repr": "<Blog: \u5faa\u73af\u4e0b\u9762\u7b2c13\u7bc7>", "action_flag": 3, "change_message": ""}}, {"model": "admin.logentry", "pk": 147, "fields": {"action_time": "2020-11-06T01:13:19.390Z", "user": 1, "content_type": 8, "object_id": "51", "object_repr": "<Blog: \u5faa\u73af\u4e0b\u9762\u7b2c12\u7bc7>", "action_flag": 3, "change_message": ""}}, {"model": "admin.logentry", "pk": 148, "fields": {"action_time": "2020-11-06T01:13:19.393Z", "user": 1, "content_type": 8, "object_id": "50", "object_repr": "<Blog: \u5faa\u73af\u4e0b\u9762\u7b2c11\u7bc7>", "action_flag": 3, "change_message": ""}}, {"model": "admin.logentry", "pk": 149, "fields": {"action_time": "2020-11-06T01:13:19.397Z", "user": 1, "content_type": 8, "object_id": "49", "object_repr": "<Blog: \u5faa\u73af\u4e0b\u9762\u7b2c10\u7bc7>", "action_flag": 3, "change_message": ""}}, {"model": "admin.logentry", "pk": 150, "fields": {"action_time": "2020-11-06T01:13:19.401Z", "user": 1, "content_type": 8, "object_id": "48", "object_repr": "<Blog: \u5faa\u73af\u4e0b\u9762\u7b2c9\u7bc7>", "action_flag": 3, "change_message": ""}}, {"model": "admin.logentry", "pk": 151, "fields": {"action_time": "2020-11-06T01:13:19.404Z", "user": 1, "content_type": 8, "object_id": "47", "object_repr": "<Blog: \u5faa\u73af\u4e0b\u9762\u7b2c8\u7bc7>", "action_flag": 3, "change_message": ""}}, {"model": "admin.logentry", "pk": 152, "fields": {"action_time": "2020-11-06T01:13:30.962Z", "user": 1, "content_type": 8, "object_id": "44", "object_repr": "<Blog: \u5faa\u73af\u4e0b\u9762\u7b2c5\u7bc7>", "action_flag": 3, "change_message": ""}}, {"model": "admin.logentry", "pk": 153, "fields": {"action_time": "2020-11-06T01:13:30.974Z", "user": 1, "content_type": 8, "object_id": "43", "object_repr": "<Blog: \u5faa\u73af\u4e0b\u9762\u7b2c4\u7bc7>", "action_flag": 3, "change_message": ""}}, {"model": "admin.logentry", "pk": 154, "fields": {"action_time": "2020-11-06T01:13:30.978Z", "user": 1, "content_type": 8, "object_id": "42", "object_repr": "<Blog: \u5faa\u73af\u4e0b\u9762\u7b2c3\u7bc7>", "action_flag": 3, "change_message": ""}}, {"model": "admin.logentry", "pk": 155, "fields": {"action_time": "2020-11-06T01:13:30.981Z", "user": 1, "content_type": 8, "object_id": "41", "object_repr": "<Blog: \u5faa\u73af\u4e0b\u9762\u7b2c2\u7bc7>", "action_flag": 3, "change_message": ""}}, {"model": "admin.logentry", "pk": 156, "fields": {"action_time": "2020-11-06T01:13:30.985Z", "user": 1, "content_type": 8, "object_id": "40", "object_repr": "<Blog: \u5faa\u73af\u4e0b\u9762\u7b2c1\u7bc7>", "action_flag": 3, "change_message": ""}}, {"model": "admin.logentry", "pk": 157, "fields": {"action_time": "2020-11-06T03:13:11.481Z", "user": 1, "content_type": 8, "object_id": "142", "object_repr": "<Blog: \u6d4b\u8bd5>", "action_flag": 1, "change_message": "[{\"added\": {}}]"}}, {"model": "admin.logentry", "pk": 158, "fields": {"action_time": "2020-11-06T03:13:27.395Z", "user": 1, "content_type": 8, "object_id": "142", "object_repr": "<Blog: \u6d4b\u8bd5>", "action_flag": 3, "change_message": ""}}, {"model": "admin.logentry", "pk": 159, "fields": {"action_time": "2020-11-06T05:57:25.327Z", "user": 1, "content_type": 9, "object_id": "5", "object_repr": "\u524d\u7aef", "action_flag": 1, "change_message": "[{\"added\": {}}]"}}, {"model": "admin.logentry", "pk": 160, "fields": {"action_time": "2020-11-06T05:57:45.564Z", "user": 1, "content_type": 8, "object_id": "143", "object_repr": "<Blog: E2E--Cypress>", "action_flag": 1, "change_message": "[{\"added\": {}}]"}}, {"model": "admin.logentry", "pk": 161, "fields": {"action_time": "2020-11-06T05:58:05.507Z", "user": 1, "content_type": 9, "object_id": "3", "object_repr": "\u611f\u609f", "action_flag": 3, "change_message": ""}}, {"model": "admin.logentry", "pk": 162, "fields": {"action_time": "2020-11-06T05:59:48.428Z", "user": 1, "content_type": 8, "object_id": "143", "object_repr": "<Blog: E2E--Cypress>", "action_flag": 2, "change_message": "[{\"changed\": {\"fields\": [\"blog_type\"]}}]"}}, {"model": "admin.logentry", "pk": 163, "fields": {"action_time": "2020-11-06T06:00:01.790Z", "user": 1, "content_type": 8, "object_id": "7", "object_repr": "<Blog: \u6211>", "action_flag": 3, "change_message": ""}}, {"model": "admin.logentry", "pk": 164, "fields": {"action_time": "2020-11-06T06:00:01.803Z", "user": 1, "content_type": 8, "object_id": "6", "object_repr": "<Blog: \u4eca\u5929\u5929\u6c14\u771f\u597d44444>", "action_flag": 3, "change_message": ""}}, {"model": "admin.logentry", "pk": 165, "fields": {"action_time": "2020-11-06T06:00:16.569Z", "user": 1, "content_type": 9, "object_id": "3", "object_repr": "\u611f\u609f", "action_flag": 3, "change_message": ""}}, {"model": "admin.logentry", "pk": 166, "fields": {"action_time": "2020-11-06T06:00:50.580Z", "user": 1, "content_type": 9, "object_id": "5", "object_repr": "\u524d\u7aef\u6d4b\u8bd5", "action_flag": 2, "change_message": "[{\"changed\": {\"fields\": [\"type_name\"]}}]"}}, {"model": "admin.logentry", "pk": 167, "fields": {"action_time": "2020-11-06T06:01:58.698Z", "user": 1, "content_type": 9, "object_id": "5", "object_repr": "UI\u6d4b\u8bd5", "action_flag": 2, "change_message": "[{\"changed\": {\"fields\": [\"type_name\"]}}]"}}, {"model": "admin.logentry", "pk": 168, "fields": {"action_time": "2020-11-06T06:03:02.719Z", "user": 1, "content_type": 9, "object_id": "5", "object_repr": "UI \u6d4b\u8bd5", "action_flag": 2, "change_message": "[{\"changed\": {\"fields\": [\"type_name\"]}}]"}}, {"model": "admin.logentry", "pk": 169, "fields": {"action_time": "2020-11-06T08:10:15.081Z", "user": 1, "content_type": 8, "object_id": "143", "object_repr": "<Blog: E2E--Cypress>", "action_flag": 2, "change_message": "[{\"changed\": {\"fields\": [\"content\"]}}]"}}, {"model": "admin.logentry", "pk": 170, "fields": {"action_time": "2020-11-06T08:16:28.508Z", "user": 1, "content_type": 8, "object_id": "143", "object_repr": "<Blog: E2E--Cypress>", "action_flag": 2, "change_message": "[{\"changed\": {\"fields\": [\"content\"]}}]"}}, {"model": "admin.logentry", "pk": 171, "fields": {"action_time": "2020-11-06T08:23:56.551Z", "user": 1, "content_type": 8, "object_id": "143", "object_repr": "<Blog: E2E--Cypress>", "action_flag": 2, "change_message": "[{\"changed\": {\"fields\": [\"content\"]}}]"}}, {"model": "admin.logentry", "pk": 172, "fields": {"action_time": "2020-11-06T08:43:30.800Z", "user": 1, "content_type": 8, "object_id": "143", "object_repr": "<Blog: E2E--Cypress>", "action_flag": 2, "change_message": "[{\"changed\": {\"fields\": [\"content\"]}}]"}}, {"model": "admin.logentry", "pk": 173, "fields": {"action_time": "2020-11-06T08:45:26.969Z", "user": 1, "content_type": 8, "object_id": "143", "object_repr": "<Blog: E2E--Cypress>", "action_flag": 2, "change_message": "[{\"changed\": {\"fields\": [\"content\"]}}]"}}, {"model": "admin.logentry", "pk": 174, "fields": {"action_time": "2020-11-06T13:05:16.929Z", "user": 1, "content_type": 10, "object_id": "1", "object_repr": "ReadNum object (1)", "action_flag": 1, "change_message": "[{\"added\": {}}]"}}, {"model": "admin.logentry", "pk": 175, "fields": {"action_time": "2020-11-06T14:26:31.965Z", "user": 1, "content_type": 11, "object_id": "1", "object_repr": "ReadNum object (1)", "action_flag": 1, "change_message": "[{\"added\": {}}]"}}, {"model": "admin.logentry", "pk": 176, "fields": {"action_time": "2020-11-07T07:00:12.550Z", "user": 1, "content_type": 12, "object_id": "1", "object_repr": "ReadDetail object (1)", "action_flag": 1, "change_message": "[{\"added\": {}}]"}}, {"model": "admin.logentry", "pk": 177, "fields": {"action_time": "2020-11-07T07:59:52.909Z", "user": 1, "content_type": 12, "object_id": "4", "object_repr": "ReadDetail object (4)", "action_flag": 1, "change_message": "[{\"added\": {}}]"}}, {"model": "admin.logentry", "pk": 178, "fields": {"action_time": "2020-11-08T08:02:05.815Z", "user": 1, "content_type": 13, "object_id": "1", "object_repr": "Comment object (1)", "action_flag": 1, "change_message": "[{\"added\": {}}]"}}, {"model": "admin.logentry", "pk": 179, "fields": {"action_time": "2020-11-09T07:48:02.956Z", "user": 1, "content_type": 8, "object_id": "5", "object_repr": "<Blog: \u4eca\u5929\u5929\u6c14\u771f\u597d222>", "action_flag": 3, "change_message": ""}}, {"model": "admin.logentry", "pk": 180, "fields": {"action_time": "2020-11-09T07:48:02.970Z", "user": 1, "content_type": 8, "object_id": "4", "object_repr": "<Blog: 2.\u563b\u563b\u563b>", "action_flag": 3, "change_message": ""}}, {"model": "admin.logentry", "pk": 181, "fields": {"action_time": "2020-11-09T07:48:02.973Z", "user": 1, "content_type": 8, "object_id": "3", "object_repr": "<Blog: 1.\u957f\u5185\u5bb9\u535a\u5ba2>", "action_flag": 3, "change_message": ""}}, {"model": "admin.logentry", "pk": 182, "fields": {"action_time": "2020-11-09T07:48:12.460Z", "user": 1, "content_type": 8, "object_id": "141", "object_repr": "<Blog: \u6d4b\u8bd5>", "action_flag": 3, "change_message": ""}}, {"model": "admin.logentry", "pk": 183, "fields": {"action_time": "2020-11-09T07:48:35.740Z", "user": 1, "content_type": 9, "object_id": "2", "object_repr": "\u968f\u7b14", "action_flag": 3, "change_message": ""}}, {"model": "admin.logentry", "pk": 184, "fields": {"action_time": "2020-11-09T07:48:51.600Z", "user": 1, "content_type": 9, "object_id": "6", "object_repr": "API \u6d4b\u8bd5", "action_flag": 1, "change_message": "[{\"added\": {}}]"}}, {"model": "admin.logentry", "pk": 185, "fields": {"action_time": "2020-11-09T10:14:16.713Z", "user": 1, "content_type": 8, "object_id": "144", "object_repr": "<Blog: Python API\u6d4b\u8bd5\u6846\u67b6----Pytest+allure>", "action_flag": 1, "change_message": "[{\"added\": {}}]"}}, {"model": "admin.logentry", "pk": 186, "fields": {"action_time": "2020-11-10T01:20:12.462Z", "user": 1, "content_type": 8, "object_id": "144", "object_repr": "<Blog: Python API\u6d4b\u8bd5\u6846\u67b6----Pytest+allure>", "action_flag": 2, "change_message": "[{\"changed\": {\"fields\": [\"content\"]}}]"}}, {"model": "admin.logentry", "pk": 187, "fields": {"action_time": "2020-11-10T01:21:59.284Z", "user": 1, "content_type": 8, "object_id": "144", "object_repr": "<Blog: Python API\u6d4b\u8bd5\u6846\u67b6----Pytest+allure>", "action_flag": 2, "change_message": "[{\"changed\": {\"fields\": [\"content\"]}}]"}}, {"model": "admin.logentry", "pk": 188, "fields": {"action_time": "2020-11-10T01:22:54.804Z", "user": 1, "content_type": 8, "object_id": "144", "object_repr": "<Blog: Python API\u6d4b\u8bd5\u6846\u67b6----Pytest+allure>", "action_flag": 2, "change_message": "[{\"changed\": {\"fields\": [\"content\"]}}]"}}, {"model": "admin.logentry", "pk": 189, "fields": {"action_time": "2020-11-10T01:23:22.098Z", "user": 1, "content_type": 8, "object_id": "144", "object_repr": "<Blog: Python API\u6d4b\u8bd5\u6846\u67b6----Pytest+allure>", "action_flag": 2, "change_message": "[{\"changed\": {\"fields\": [\"content\"]}}]"}}, {"model": "admin.logentry", "pk": 190, "fields": {"action_time": "2020-11-10T01:26:51.558Z", "user": 1, "content_type": 8, "object_id": "144", "object_repr": "<Blog: Python API\u6d4b\u8bd5\u6846\u67b6----Pytest+allure>", "action_flag": 2, "change_message": "[{\"changed\": {\"fields\": [\"content\"]}}]"}}, {"model": "admin.logentry", "pk": 191, "fields": {"action_time": "2020-11-11T13:16:00.664Z", "user": 1, "content_type": 13, "object_id": "62", "object_repr": "Comment object (62)", "action_flag": 1, "change_message": "[{\"added\": {}}]"}}, {"model": "admin.logentry", "pk": 192, "fields": {"action_time": "2020-11-11T13:19:47.597Z", "user": 1, "content_type": 13, "object_id": "57", "object_repr": "<p>wqeqwe</p>", "action_flag": 2, "change_message": "[{\"changed\": {\"fields\": [\"parent\"]}}]"}}, {"model": "admin.logentry", "pk": 193, "fields": {"action_time": "2020-11-11T16:10:29.632Z", "user": 1, "content_type": 13, "object_id": "63", "object_repr": "<p>\u54c8\u54c8</p>", "action_flag": 3, "change_message": ""}}, {"model": "admin.logentry", "pk": 194, "fields": {"action_time": "2020-11-11T16:10:29.644Z", "user": 1, "content_type": 13, "object_id": "64", "object_repr": "<p>\u4f60\u8fd8</p>", "action_flag": 3, "change_message": ""}}, {"model": "admin.logentry", "pk": 195, "fields": {"action_time": "2020-11-11T16:10:29.647Z", "user": 1, "content_type": 13, "object_id": "65", "object_repr": "<p>1212</p>", "action_flag": 3, "change_message": ""}}, {"model": "admin.logentry", "pk": 196, "fields": {"action_time": "2020-11-11T16:10:29.650Z", "user": 1, "content_type": 13, "object_id": "66", "object_repr": "<p>1212</p>", "action_flag": 3, "change_message": ""}}, {"model": "admin.logentry", "pk": 197, "fields": {"action_time": "2020-11-11T16:10:29.653Z", "user": 1, "content_type": 13, "object_id": "67", "object_repr": "<p>1212</p>", "action_flag": 3, "change_message": ""}}, {"model": "admin.logentry", "pk": 198, "fields": {"action_time": "2020-11-11T16:10:29.655Z", "user": 1, "content_type": 13, "object_id": "68", "object_repr": "<p>\u597d</p>", "action_flag": 3, "change_message": ""}}, {"model": "admin.logentry", "pk": 199, "fields": {"action_time": "2020-11-11T16:10:29.658Z", "user": 1, "content_type": 13, "object_id": "69", "object_repr": "<p>12</p>", "action_flag": 3, "change_message": ""}}, {"model": "admin.logentry", "pk": 200, "fields": {"action_time": "2020-11-11T16:10:29.661Z", "user": 1, "content_type": 13, "object_id": "70", "object_repr": "<p>1212</p>", "action_flag": 3, "change_message": ""}}, {"model": "admin.logentry", "pk": 201, "fields": {"action_time": "2020-11-11T16:10:29.665Z", "user": 1, "content_type": 13, "object_id": "71", "object_repr": "<p>1212</p>", "action_flag": 3, "change_message": ""}}, {"model": "admin.logentry", "pk": 202, "fields": {"action_time": "2020-11-11T16:10:29.668Z", "user": 1, "content_type": 13, "object_id": "72", "object_repr": "<p>12</p>", "action_flag": 3, "change_message": ""}}, {"model": "admin.logentry", "pk": 203, "fields": {"action_time": "2020-11-11T16:10:29.671Z", "user": 1, "content_type": 13, "object_id": "73", "object_repr": "<p>12</p>", "action_flag": 3, "change_message": ""}}, {"model": "admin.logentry", "pk": 204, "fields": {"action_time": "2020-11-11T16:10:29.674Z", "user": 1, "content_type": 13, "object_id": "74", "object_repr": "<p>12</p>", "action_flag": 3, "change_message": ""}}, {"model": "admin.logentry", "pk": 205, "fields": {"action_time": "2020-11-11T16:10:29.677Z", "user": 1, "content_type": 13, "object_id": "75", "object_repr": "<p>12</p>", "action_flag": 3, "change_message": ""}}, {"model": "admin.logentry", "pk": 206, "fields": {"action_time": "2020-11-11T16:10:29.680Z", "user": 1, "content_type": 13, "object_id": "76", "object_repr": "<p>12</p>", "action_flag": 3, "change_message": ""}}, {"model": "admin.logentry", "pk": 207, "fields": {"action_time": "2020-11-11T16:10:29.683Z", "user": 1, "content_type": 13, "object_id": "77", "object_repr": "<p>12</p>", "action_flag": 3, "change_message": ""}}, {"model": "admin.logentry", "pk": 208, "fields": {"action_time": "2020-11-11T16:10:29.685Z", "user": 1, "content_type": 13, "object_id": "78", "object_repr": "<p>12</p>", "action_flag": 3, "change_message": ""}}, {"model": "admin.logentry", "pk": 209, "fields": {"action_time": "2020-11-11T16:10:29.688Z", "user": 1, "content_type": 13, "object_id": "79", "object_repr": "<p>12</p>", "action_flag": 3, "change_message": ""}}, {"model": "admin.logentry", "pk": 210, "fields": {"action_time": "2020-11-11T16:10:29.691Z", "user": 1, "content_type": 13, "object_id": "80", "object_repr": "<p>12</p>", "action_flag": 3, "change_message": ""}}, {"model": "admin.logentry", "pk": 211, "fields": {"action_time": "2020-11-11T16:10:29.694Z", "user": 1, "content_type": 13, "object_id": "81", "object_repr": "<p>12</p>", "action_flag": 3, "change_message": ""}}, {"model": "admin.logentry", "pk": 212, "fields": {"action_time": "2020-11-11T16:10:29.697Z", "user": 1, "content_type": 13, "object_id": "82", "object_repr": "<p>12123</p>", "action_flag": 3, "change_message": ""}}, {"model": "admin.logentry", "pk": 213, "fields": {"action_time": "2020-11-11T16:10:29.700Z", "user": 1, "content_type": 13, "object_id": "83", "object_repr": "<p>12123</p>", "action_flag": 3, "change_message": ""}}, {"model": "admin.logentry", "pk": 214, "fields": {"action_time": "2020-11-11T16:10:29.703Z", "user": 1, "content_type": 13, "object_id": "84", "object_repr": "<p>12123</p>", "action_flag": 3, "change_message": ""}}, {"model": "admin.logentry", "pk": 215, "fields": {"action_time": "2020-11-11T16:10:29.705Z", "user": 1, "content_type": 13, "object_id": "85", "object_repr": "<p>12123</p>", "action_flag": 3, "change_message": ""}}, {"model": "admin.logentry", "pk": 216, "fields": {"action_time": "2020-11-11T16:10:29.708Z", "user": 1, "content_type": 13, "object_id": "86", "object_repr": "<p>12123</p>", "action_flag": 3, "change_message": ""}}, {"model": "admin.logentry", "pk": 217, "fields": {"action_time": "2020-11-11T16:10:29.712Z", "user": 1, "content_type": 13, "object_id": "87", "object_repr": "<p>12123</p>", "action_flag": 3, "change_message": ""}}, {"model": "admin.logentry", "pk": 218, "fields": {"action_time": "2020-11-11T16:10:29.715Z", "user": 1, "content_type": 13, "object_id": "88", "object_repr": "<p>12123</p>", "action_flag": 3, "change_message": ""}}, {"model": "admin.logentry", "pk": 219, "fields": {"action_time": "2020-11-11T16:10:29.718Z", "user": 1, "content_type": 13, "object_id": "89", "object_repr": "<p>12123</p>", "action_flag": 3, "change_message": ""}}, {"model": "admin.logentry", "pk": 220, "fields": {"action_time": "2020-11-11T16:10:29.720Z", "user": 1, "content_type": 13, "object_id": "90", "object_repr": "<p>12123</p>", "action_flag": 3, "change_message": ""}}, {"model": "admin.logentry", "pk": 221, "fields": {"action_time": "2020-11-11T16:10:29.723Z", "user": 1, "content_type": 13, "object_id": "91", "object_repr": "<p>\u4e0d\u662f\u5427</p>", "action_flag": 3, "change_message": ""}}, {"model": "admin.logentry", "pk": 222, "fields": {"action_time": "2020-11-11T16:10:29.726Z", "user": 1, "content_type": 13, "object_id": "92", "object_repr": "<p>\u4e0d\u662f\u5427</p>", "action_flag": 3, "change_message": ""}}, {"model": "admin.logentry", "pk": 223, "fields": {"action_time": "2020-11-11T16:10:29.729Z", "user": 1, "content_type": 13, "object_id": "93", "object_repr": "<p>\u978d\u94a2</p>", "action_flag": 3, "change_message": ""}}, {"model": "admin.logentry", "pk": 224, "fields": {"action_time": "2020-11-11T16:10:29.730Z", "user": 1, "content_type": 13, "object_id": "94", "object_repr": "<p>\u978d\u94a2</p>", "action_flag": 3, "change_message": ""}}, {"model": "admin.logentry", "pk": 225, "fields": {"action_time": "2020-11-11T16:10:29.733Z", "user": 1, "content_type": 13, "object_id": "95", "object_repr": "<p>\u978d\u94a2</p>", "action_flag": 3, "change_message": ""}}, {"model": "admin.logentry", "pk": 226, "fields": {"action_time": "2020-11-11T16:10:29.736Z", "user": 1, "content_type": 13, "object_id": "96", "object_repr": "<p>\u978d\u94a2</p>", "action_flag": 3, "change_message": ""}}, {"model": "admin.logentry", "pk": 227, "fields": {"action_time": "2020-11-11T16:10:29.739Z", "user": 1, "content_type": 13, "object_id": "97", "object_repr": "<p>\u978d\u94a2</p>", "action_flag": 3, "change_message": ""}}, {"model": "admin.logentry", "pk": 228, "fields": {"action_time": "2020-11-11T16:10:29.742Z", "user": 1, "content_type": 13, "object_id": "98", "object_repr": "<p>1212</p>", "action_flag": 3, "change_message": ""}}, {"model": "admin.logentry", "pk": 229, "fields": {"action_time": "2020-11-11T16:10:29.745Z", "user": 1, "content_type": 13, "object_id": "99", "object_repr": "<p>1212</p>", "action_flag": 3, "change_message": ""}}, {"model": "admin.logentry", "pk": 230, "fields": {"action_time": "2020-11-11T16:10:29.748Z", "user": 1, "content_type": 13, "object_id": "100", "object_repr": "<p>1212</p>", "action_flag": 3, "change_message": ""}}, {"model": "admin.logentry", "pk": 231, "fields": {"action_time": "2020-11-11T16:10:48.912Z", "user": 1, "content_type": 13, "object_id": "97", "object_repr": "<p>\u978d\u94a2</p>", "action_flag": 3, "change_message": ""}}, {"model": "admin.logentry", "pk": 232, "fields": {"action_time": "2020-11-11T16:11:02.284Z", "user": 1, "content_type": 13, "object_id": "100", "object_repr": "<p>1212</p>", "action_flag": 3, "change_message": ""}}, {"model": "admin.logentry", "pk": 233, "fields": {"action_time": "2020-11-11T16:11:02.299Z", "user": 1, "content_type": 13, "object_id": "101", "object_repr": "<p>1212</p>", "action_flag": 3, "change_message": ""}}, {"model": "admin.logentry", "pk": 234, "fields": {"action_time": "2020-11-11T16:12:19.065Z", "user": 1, "content_type": 13, "object_id": "63", "object_repr": "<p>\u54c8\u54c8</p>", "action_flag": 3, "change_message": ""}}, {"model": "admin.logentry", "pk": 235, "fields": {"action_time": "2020-11-11T16:12:19.079Z", "user": 1, "content_type": 13, "object_id": "64", "object_repr": "<p>\u4f60\u8fd8</p>", "action_flag": 3, "change_message": ""}}, {"model": "admin.logentry", "pk": 236, "fields": {"action_time": "2020-11-11T16:12:19.083Z", "user": 1, "content_type": 13, "object_id": "65", "object_repr": "<p>1212</p>", "action_flag": 3, "change_message": ""}}, {"model": "admin.logentry", "pk": 237, "fields": {"action_time": "2020-11-11T16:12:19.086Z", "user": 1, "content_type": 13, "object_id": "66", "object_repr": "<p>1212</p>", "action_flag": 3, "change_message": ""}}, {"model": "admin.logentry", "pk": 238, "fields": {"action_time": "2020-11-11T16:12:19.089Z", "user": 1, "content_type": 13, "object_id": "67", "object_repr": "<p>1212</p>", "action_flag": 3, "change_message": ""}}, {"model": "admin.logentry", "pk": 239, "fields": {"action_time": "2020-11-11T16:12:19.092Z", "user": 1, "content_type": 13, "object_id": "68", "object_repr": "<p>\u597d</p>", "action_flag": 3, "change_message": ""}}, {"model": "admin.logentry", "pk": 240, "fields": {"action_time": "2020-11-11T16:12:19.095Z", "user": 1, "content_type": 13, "object_id": "69", "object_repr": "<p>12</p>", "action_flag": 3, "change_message": ""}}, {"model": "admin.logentry", "pk": 241, "fields": {"action_time": "2020-11-11T16:12:19.097Z", "user": 1, "content_type": 13, "object_id": "70", "object_repr": "<p>1212</p>", "action_flag": 3, "change_message": ""}}, {"model": "admin.logentry", "pk": 242, "fields": {"action_time": "2020-11-11T16:12:19.100Z", "user": 1, "content_type": 13, "object_id": "71", "object_repr": "<p>1212</p>", "action_flag": 3, "change_message": ""}}, {"model": "admin.logentry", "pk": 243, "fields": {"action_time": "2020-11-11T16:12:19.103Z", "user": 1, "content_type": 13, "object_id": "72", "object_repr": "<p>12</p>", "action_flag": 3, "change_message": ""}}, {"model": "admin.logentry", "pk": 244, "fields": {"action_time": "2020-11-11T16:12:19.105Z", "user": 1, "content_type": 13, "object_id": "73", "object_repr": "<p>12</p>", "action_flag": 3, "change_message": ""}}, {"model": "admin.logentry", "pk": 245, "fields": {"action_time": "2020-11-11T16:12:19.108Z", "user": 1, "content_type": 13, "object_id": "74", "object_repr": "<p>12</p>", "action_flag": 3, "change_message": ""}}, {"model": "admin.logentry", "pk": 246, "fields": {"action_time": "2020-11-11T16:12:19.111Z", "user": 1, "content_type": 13, "object_id": "75", "object_repr": "<p>12</p>", "action_flag": 3, "change_message": ""}}, {"model": "admin.logentry", "pk": 247, "fields": {"action_time": "2020-11-11T16:12:19.114Z", "user": 1, "content_type": 13, "object_id": "76", "object_repr": "<p>12</p>", "action_flag": 3, "change_message": ""}}, {"model": "admin.logentry", "pk": 248, "fields": {"action_time": "2020-11-11T16:12:19.117Z", "user": 1, "content_type": 13, "object_id": "77", "object_repr": "<p>12</p>", "action_flag": 3, "change_message": ""}}, {"model": "admin.logentry", "pk": 249, "fields": {"action_time": "2020-11-11T16:12:19.119Z", "user": 1, "content_type": 13, "object_id": "78", "object_repr": "<p>12</p>", "action_flag": 3, "change_message": ""}}, {"model": "admin.logentry", "pk": 250, "fields": {"action_time": "2020-11-11T16:12:19.122Z", "user": 1, "content_type": 13, "object_id": "79", "object_repr": "<p>12</p>", "action_flag": 3, "change_message": ""}}, {"model": "admin.logentry", "pk": 251, "fields": {"action_time": "2020-11-11T16:12:19.124Z", "user": 1, "content_type": 13, "object_id": "80", "object_repr": "<p>12</p>", "action_flag": 3, "change_message": ""}}, {"model": "admin.logentry", "pk": 252, "fields": {"action_time": "2020-11-11T16:12:19.127Z", "user": 1, "content_type": 13, "object_id": "81", "object_repr": "<p>12</p>", "action_flag": 3, "change_message": ""}}, {"model": "admin.logentry", "pk": 253, "fields": {"action_time": "2020-11-11T16:12:19.130Z", "user": 1, "content_type": 13, "object_id": "82", "object_repr": "<p>12123</p>", "action_flag": 3, "change_message": ""}}, {"model": "admin.logentry", "pk": 254, "fields": {"action_time": "2020-11-11T16:12:19.133Z", "user": 1, "content_type": 13, "object_id": "83", "object_repr": "<p>12123</p>", "action_flag": 3, "change_message": ""}}, {"model": "admin.logentry", "pk": 255, "fields": {"action_time": "2020-11-11T16:12:19.136Z", "user": 1, "content_type": 13, "object_id": "84", "object_repr": "<p>12123</p>", "action_flag": 3, "change_message": ""}}, {"model": "admin.logentry", "pk": 256, "fields": {"action_time": "2020-11-11T16:12:19.138Z", "user": 1, "content_type": 13, "object_id": "85", "object_repr": "<p>12123</p>", "action_flag": 3, "change_message": ""}}, {"model": "admin.logentry", "pk": 257, "fields": {"action_time": "2020-11-11T16:12:19.141Z", "user": 1, "content_type": 13, "object_id": "86", "object_repr": "<p>12123</p>", "action_flag": 3, "change_message": ""}}, {"model": "admin.logentry", "pk": 258, "fields": {"action_time": "2020-11-11T16:12:19.143Z", "user": 1, "content_type": 13, "object_id": "87", "object_repr": "<p>12123</p>", "action_flag": 3, "change_message": ""}}, {"model": "admin.logentry", "pk": 259, "fields": {"action_time": "2020-11-11T16:12:19.146Z", "user": 1, "content_type": 13, "object_id": "88", "object_repr": "<p>12123</p>", "action_flag": 3, "change_message": ""}}, {"model": "admin.logentry", "pk": 260, "fields": {"action_time": "2020-11-11T16:12:19.148Z", "user": 1, "content_type": 13, "object_id": "89", "object_repr": "<p>12123</p>", "action_flag": 3, "change_message": ""}}, {"model": "admin.logentry", "pk": 261, "fields": {"action_time": "2020-11-11T16:12:19.151Z", "user": 1, "content_type": 13, "object_id": "90", "object_repr": "<p>12123</p>", "action_flag": 3, "change_message": ""}}, {"model": "admin.logentry", "pk": 262, "fields": {"action_time": "2020-11-11T16:12:19.154Z", "user": 1, "content_type": 13, "object_id": "91", "object_repr": "<p>\u4e0d\u662f\u5427</p>", "action_flag": 3, "change_message": ""}}, {"model": "admin.logentry", "pk": 263, "fields": {"action_time": "2020-11-11T16:12:19.156Z", "user": 1, "content_type": 13, "object_id": "92", "object_repr": "<p>\u4e0d\u662f\u5427</p>", "action_flag": 3, "change_message": ""}}, {"model": "admin.logentry", "pk": 264, "fields": {"action_time": "2020-11-11T16:12:19.159Z", "user": 1, "content_type": 13, "object_id": "93", "object_repr": "<p>\u978d\u94a2</p>", "action_flag": 3, "change_message": ""}}, {"model": "admin.logentry", "pk": 265, "fields": {"action_time": "2020-11-11T16:12:19.162Z", "user": 1, "content_type": 13, "object_id": "94", "object_repr": "<p>\u978d\u94a2</p>", "action_flag": 3, "change_message": ""}}, {"model": "admin.logentry", "pk": 266, "fields": {"action_time": "2020-11-11T16:12:19.164Z", "user": 1, "content_type": 13, "object_id": "95", "object_repr": "<p>\u978d\u94a2</p>", "action_flag": 3, "change_message": ""}}, {"model": "admin.logentry", "pk": 267, "fields": {"action_time": "2020-11-11T16:12:19.167Z", "user": 1, "content_type": 13, "object_id": "96", "object_repr": "<p>\u978d\u94a2</p>", "action_flag": 3, "change_message": ""}}, {"model": "admin.logentry", "pk": 268, "fields": {"action_time": "2020-11-11T16:12:19.170Z", "user": 1, "content_type": 13, "object_id": "98", "object_repr": "<p>1212</p>", "action_flag": 3, "change_message": ""}}, {"model": "admin.logentry", "pk": 269, "fields": {"action_time": "2020-11-11T16:12:19.172Z", "user": 1, "content_type": 13, "object_id": "99", "object_repr": "<p>1212</p>", "action_flag": 3, "change_message": ""}}, {"model": "admin.logentry", "pk": 270, "fields": {"action_time": "2020-11-11T16:12:19.175Z", "user": 1, "content_type": 13, "object_id": "102", "object_repr": "<p>1212</p>", "action_flag": 3, "change_message": ""}}, {"model": "admin.logentry", "pk": 271, "fields": {"action_time": "2020-11-11T16:12:19.177Z", "user": 1, "content_type": 13, "object_id": "103", "object_repr": "<p>1212</p>", "action_flag": 3, "change_message": ""}}]